/*
Navicat MySQL Data Transfer

Source Server         : localhost_3306
Source Server Version : 80011
Source Host           : localhost:3306
Source Database       : eps_management

Target Server Type    : MYSQL
Target Server Version : 80011
File Encoding         : 65001

Date: 2020-03-12 18:42:41
*/

SET FOREIGN_KEY_CHECKS=0;

-- ----------------------------
-- Table structure for student
-- ----------------------------
DROP TABLE IF EXISTS `student`;
CREATE TABLE `student` (
  `student_id` int(11) NOT NULL AUTO_INCREMENT,
  `student_name` varchar(255) NOT NULL,
  `stu_sex` varchar(2) CHARACTER SET utf8 COLLATE utf8_general_ci DEFAULT NULL,
  `student_pro` varchar(255) DEFAULT NULL,
  `student_city` varchar(255) DEFAULT NULL,
  PRIMARY KEY (`student_id`)
) ENGINE=InnoDB AUTO_INCREMENT=2017710351 DEFAULT CHARSET=utf8;

-- ----------------------------
-- Records of student
-- ----------------------------
INSERT INTO `student` VALUES ('2017710301', '李琦', '女', '甘肃', '兰州');
INSERT INTO `student` VALUES ('2017710302', '王芳', '女', '湖南', '长沙');
INSERT INTO `student` VALUES ('2017710303', '张宇', '男', '四川', '成都');
INSERT INTO `student` VALUES ('2017710304', '孙立', '男', '新疆', '昌吉');
INSERT INTO `student` VALUES ('2017710305', '贺苣', '女', '湖北', '武汉');
INSERT INTO `student` VALUES ('2017710306', '张玉明', '男', '湖北', '黄石');
INSERT INTO `student` VALUES ('2017710307', '黄启航', '男', '河南', '郑州');
INSERT INTO `student` VALUES ('2017710308', '张武傅', '男', '浙江', '杭州');
INSERT INTO `student` VALUES ('2017710309', '李思', '女', '湖南', '张家界');
INSERT INTO `student` VALUES ('2017710310', '陆恒', '男', '浙江', '温州');
INSERT INTO `student` VALUES ('2017710311', '刘明', '男', '重庆', '渝州');
INSERT INTO `student` VALUES ('2017710312', '白露', '女', '北京', '朝阳区');
INSERT INTO `student` VALUES ('2017710313', '刘敏汇', '女', '新疆', '吐鲁番');
INSERT INTO `student` VALUES ('2017710314', '胡玲', '女', '上海', '嘉定');
INSERT INTO `student` VALUES ('2017710315', '靳云', '女', '江苏', '无锡');
INSERT INTO `student` VALUES ('2017710316', '钱明', '男', '安徽', '合肥');
INSERT INTO `student` VALUES ('2017710317', '李东辉', '男', '山东', '济南');
INSERT INTO `student` VALUES ('2017710318', '王辉', '男', '浙江', '台州');
INSERT INTO `student` VALUES ('2017710319', '黄岐', '男', '四川', '成都');
INSERT INTO `student` VALUES ('2017710320', '孙丹', '女', '湖南', '湘潭');
INSERT INTO `student` VALUES ('2017710321', '刘成飞', '男', '江苏', '南京');
INSERT INTO `student` VALUES ('2017710322', '张启轩', '男', '湖北', '武汉');
INSERT INTO `student` VALUES ('2017710323', '周虎', '男', '河南', '洛阳');
INSERT INTO `student` VALUES ('2017710324', '王玉婷', '女', '浙江', '宁波');
INSERT INTO `student` VALUES ('2017710325', '王冉', '女', '四川', '成都');
INSERT INTO `student` VALUES ('2017710326', '蒋锡培 ', '男', '吉林', '白山');
INSERT INTO `student` VALUES ('2017710327', '向文波', '男', '广东', '深圳');
INSERT INTO `student` VALUES ('2017710328', '熊晓鸽', '男', '海南', '三亚');
INSERT INTO `student` VALUES ('2017710329', '陈达夫', '男', '安徽', '合肥');
INSERT INTO `student` VALUES ('2017710330', '林楚泽', '男', '北京', '海淀');
INSERT INTO `student` VALUES ('2017710331', '云宵', '男', '甘肃', '兰州');
INSERT INTO `student` VALUES ('2017710332', '游乐', '男', '甘肃', '武威');
INSERT INTO `student` VALUES ('2017710333', '吕媛媛', '女', '河北', '石家庄');
INSERT INTO `student` VALUES ('2017710334', '安易', '女', '西藏', '拉萨');
INSERT INTO `student` VALUES ('2017710335', '叶青', '女', '甘肃', '天水');
INSERT INTO `student` VALUES ('2017710336', '段横', '男', '辽宁', '开原');
INSERT INTO `student` VALUES ('2017710337', '付萌', '女', '山东', '济南');
INSERT INTO `student` VALUES ('2017710338', '耿迪', '男', '广东', '广州');
INSERT INTO `student` VALUES ('2017710339', '王雨晴', '女', '湖南', '株洲');
INSERT INTO `student` VALUES ('2017710340', '刘浩', '男', '湖南', '湘潭');
INSERT INTO `student` VALUES ('2017710341', '吴念钰', '女', '吉林', '长春');
INSERT INTO `student` VALUES ('2017710342', '张新培', '男', '海南', '海口');
INSERT INTO `student` VALUES ('2017710343', '田七', '女', '北京', '海淀');
INSERT INTO `student` VALUES ('2017710344', '朱婷玉', '女', '甘肃', '兰州');
INSERT INTO `student` VALUES ('2017710345', '文玮', '女', '陕西', '西安');
INSERT INTO `student` VALUES ('2017710346', '刘梦薇', '女', '陕西', '咸阳');
INSERT INTO `student` VALUES ('2017710347', '张雨薇', '女', '新疆', '乌鲁木齐');
INSERT INTO `student` VALUES ('2017710348', '赵丽敏', '女', '甘肃', '兰州');
INSERT INTO `student` VALUES ('2017710349', '乔鑫', '男', '甘肃', '兰州');
INSERT INTO `student` VALUES ('2017710350', '文静', '女', '甘肃', '天水');

-- ----------------------------
-- Table structure for stu_info
-- ----------------------------
DROP TABLE IF EXISTS `stu_info`;
CREATE TABLE `stu_info` (
  `s_id` int(11) NOT NULL,
  `symptom` varchar(2) DEFAULT NULL,
  `check1` varchar(2) CHARACTER SET utf8 COLLATE utf8_general_ci DEFAULT NULL,
  `temperature` decimal(4,1) DEFAULT NULL,
  `date` date NOT NULL,
  PRIMARY KEY (`s_id`,`date`)
) ENGINE=InnoDB DEFAULT CHARSET=utf8;

-- ----------------------------
-- Records of stu_info
-- ----------------------------
INSERT INTO `stu_info` VALUES ('2017710301', 'N', 'N', '36.0', '2020-02-19');
INSERT INTO `stu_info` VALUES ('2017710301', 'N', 'N', '36.6', '2020-02-20');
INSERT INTO `stu_info` VALUES ('2017710301', 'N', 'N', '36.8', '2020-02-21');
INSERT INTO `stu_info` VALUES ('2017710301', 'N', 'N', '36.3', '2020-02-22');
INSERT INTO `stu_info` VALUES ('2017710301', 'N', 'N', '36.8', '2020-02-23');
INSERT INTO `stu_info` VALUES ('2017710301', 'N', 'N', '35.8', '2020-02-24');
INSERT INTO `stu_info` VALUES ('2017710301', 'N', 'N', '36.9', '2020-02-25');
INSERT INTO `stu_info` VALUES ('2017710301', 'N', 'N', '35.9', '2020-02-26');
INSERT INTO `stu_info` VALUES ('2017710301', 'N', 'N', '35.8', '2020-02-27');
INSERT INTO `stu_info` VALUES ('2017710301', 'N', 'N', '37.0', '2020-02-28');
INSERT INTO `stu_info` VALUES ('2017710301', 'N', 'N', '36.3', '2020-02-29');
INSERT INTO `stu_info` VALUES ('2017710301', 'N', 'N', '36.7', '2020-03-01');
INSERT INTO `stu_info` VALUES ('2017710301', 'N', 'N', '36.4', '2020-03-02');
INSERT INTO `stu_info` VALUES ('2017710301', 'N', 'N', '36.6', '2020-03-03');
INSERT INTO `stu_info` VALUES ('2017710301', 'N', 'N', '36.5', '2020-03-04');
INSERT INTO `stu_info` VALUES ('2017710301', 'N', 'N', '36.1', '2020-03-05');
INSERT INTO `stu_info` VALUES ('2017710301', 'N', 'N', '36.4', '2020-03-06');
INSERT INTO `stu_info` VALUES ('2017710301', 'N', 'N', '36.0', '2020-03-07');
INSERT INTO `stu_info` VALUES ('2017710301', 'N', 'N', '36.0', '2020-03-08');
INSERT INTO `stu_info` VALUES ('2017710301', 'N', 'N', '36.1', '2020-03-09');
INSERT INTO `stu_info` VALUES ('2017710301', 'N', 'N', '36.2', '2020-03-10');
INSERT INTO `stu_info` VALUES ('2017710301', 'N', 'N', '36.6', '2020-03-11');
INSERT INTO `stu_info` VALUES ('2017710301', 'N', 'N', '36.6', '2020-03-12');
INSERT INTO `stu_info` VALUES ('2017710301', 'N', 'N', '36.0', '2020-03-13');
INSERT INTO `stu_info` VALUES ('2017710302', 'N', 'N', '36.2', '2020-02-19');
INSERT INTO `stu_info` VALUES ('2017710302', 'N', 'N', '36.4', '2020-02-20');
INSERT INTO `stu_info` VALUES ('2017710302', 'N', 'N', '36.2', '2020-02-21');
INSERT INTO `stu_info` VALUES ('2017710302', 'N', 'N', '36.7', '2020-02-22');
INSERT INTO `stu_info` VALUES ('2017710302', 'N', 'N', '36.4', '2020-02-23');
INSERT INTO `stu_info` VALUES ('2017710302', 'N', 'N', '35.8', '2020-02-24');
INSERT INTO `stu_info` VALUES ('2017710302', 'N', 'N', '36.9', '2020-02-25');
INSERT INTO `stu_info` VALUES ('2017710302', 'N', 'N', '36.4', '2020-02-26');
INSERT INTO `stu_info` VALUES ('2017710302', 'N', 'N', '35.9', '2020-02-27');
INSERT INTO `stu_info` VALUES ('2017710302', 'N', 'N', '35.7', '2020-02-28');
INSERT INTO `stu_info` VALUES ('2017710302', 'N', 'N', '36.3', '2020-02-29');
INSERT INTO `stu_info` VALUES ('2017710302', 'N', 'N', '36.4', '2020-03-01');
INSERT INTO `stu_info` VALUES ('2017710302', 'N', 'N', '37.0', '2020-03-02');
INSERT INTO `stu_info` VALUES ('2017710302', 'N', 'N', '36.9', '2020-03-03');
INSERT INTO `stu_info` VALUES ('2017710302', 'N', 'N', '36.5', '2020-03-04');
INSERT INTO `stu_info` VALUES ('2017710302', 'N', 'N', '35.8', '2020-03-05');
INSERT INTO `stu_info` VALUES ('2017710302', 'N', 'N', '36.2', '2020-03-06');
INSERT INTO `stu_info` VALUES ('2017710302', 'N', 'N', '35.9', '2020-03-07');
INSERT INTO `stu_info` VALUES ('2017710302', 'N', 'N', '36.9', '2020-03-08');
INSERT INTO `stu_info` VALUES ('2017710302', 'N', 'N', '36.7', '2020-03-09');
INSERT INTO `stu_info` VALUES ('2017710303', 'N', 'N', '36.7', '2020-02-19');
INSERT INTO `stu_info` VALUES ('2017710303', 'N', 'N', '36.4', '2020-02-20');
INSERT INTO `stu_info` VALUES ('2017710303', 'N', 'N', '36.6', '2020-02-21');
INSERT INTO `stu_info` VALUES ('2017710303', 'N', 'N', '36.1', '2020-02-22');
INSERT INTO `stu_info` VALUES ('2017710303', 'N', 'N', '36.2', '2020-02-23');
INSERT INTO `stu_info` VALUES ('2017710303', 'N', 'N', '36.2', '2020-02-24');
INSERT INTO `stu_info` VALUES ('2017710303', 'N', 'N', '36.4', '2020-02-25');
INSERT INTO `stu_info` VALUES ('2017710303', 'N', 'N', '36.4', '2020-02-26');
INSERT INTO `stu_info` VALUES ('2017710303', 'N', 'N', '36.6', '2020-02-27');
INSERT INTO `stu_info` VALUES ('2017710303', 'N', 'N', '36.9', '2020-02-28');
INSERT INTO `stu_info` VALUES ('2017710303', 'N', 'N', '36.9', '2020-02-29');
INSERT INTO `stu_info` VALUES ('2017710303', 'N', 'N', '36.5', '2020-03-01');
INSERT INTO `stu_info` VALUES ('2017710303', 'N', 'N', '36.2', '2020-03-02');
INSERT INTO `stu_info` VALUES ('2017710303', 'N', 'N', '36.0', '2020-03-03');
INSERT INTO `stu_info` VALUES ('2017710303', 'N', 'N', '36.5', '2020-03-04');
INSERT INTO `stu_info` VALUES ('2017710303', 'N', 'N', '36.3', '2020-03-05');
INSERT INTO `stu_info` VALUES ('2017710303', 'N', 'N', '36.8', '2020-03-06');
INSERT INTO `stu_info` VALUES ('2017710303', 'N', 'N', '36.0', '2020-03-07');
INSERT INTO `stu_info` VALUES ('2017710303', 'N', 'N', '35.9', '2020-03-08');
INSERT INTO `stu_info` VALUES ('2017710304', 'N', 'N', '36.2', '2020-02-19');
INSERT INTO `stu_info` VALUES ('2017710304', 'N', 'N', '36.4', '2020-02-20');
INSERT INTO `stu_info` VALUES ('2017710304', 'N', 'N', '36.8', '2020-02-21');
INSERT INTO `stu_info` VALUES ('2017710304', 'N', 'N', '36.3', '2020-02-22');
INSERT INTO `stu_info` VALUES ('2017710304', 'N', 'N', '36.1', '2020-02-23');
INSERT INTO `stu_info` VALUES ('2017710304', 'N', 'N', '36.7', '2020-02-24');
INSERT INTO `stu_info` VALUES ('2017710304', 'N', 'N', '36.8', '2020-02-25');
INSERT INTO `stu_info` VALUES ('2017710304', 'N', 'N', '36.7', '2020-02-26');
INSERT INTO `stu_info` VALUES ('2017710304', 'N', 'N', '36.2', '2020-02-27');
INSERT INTO `stu_info` VALUES ('2017710304', 'N', 'N', '36.6', '2020-02-28');
INSERT INTO `stu_info` VALUES ('2017710304', 'N', 'N', '36.2', '2020-02-29');
INSERT INTO `stu_info` VALUES ('2017710304', 'N', 'N', '36.7', '2020-03-01');
INSERT INTO `stu_info` VALUES ('2017710304', 'N', 'N', '36.7', '2020-03-02');
INSERT INTO `stu_info` VALUES ('2017710304', 'N', 'N', '36.3', '2020-03-03');
INSERT INTO `stu_info` VALUES ('2017710304', 'N', 'N', '37.0', '2020-03-04');
INSERT INTO `stu_info` VALUES ('2017710304', 'N', 'N', '36.1', '2020-03-05');
INSERT INTO `stu_info` VALUES ('2017710304', 'N', 'N', '35.9', '2020-03-06');
INSERT INTO `stu_info` VALUES ('2017710304', 'N', 'N', '36.6', '2020-03-07');
INSERT INTO `stu_info` VALUES ('2017710304', 'N', 'N', '36.1', '2020-03-08');
INSERT INTO `stu_info` VALUES ('2017710304', 'N', 'N', '36.4', '2020-03-09');
INSERT INTO `stu_info` VALUES ('2017710304', 'N', 'N', '37.0', '2020-03-10');
INSERT INTO `stu_info` VALUES ('2017710304', 'N', 'N', '36.4', '2020-03-11');
INSERT INTO `stu_info` VALUES ('2017710304', 'N', 'N', '36.9', '2020-03-12');
INSERT INTO `stu_info` VALUES ('2017710304', 'N', 'N', '36.4', '2020-03-13');
INSERT INTO `stu_info` VALUES ('2017710305', 'N', 'N', '36.1', '2020-02-19');
INSERT INTO `stu_info` VALUES ('2017710305', 'N', 'N', '36.7', '2020-02-20');
INSERT INTO `stu_info` VALUES ('2017710305', 'N', 'N', '36.2', '2020-02-21');
INSERT INTO `stu_info` VALUES ('2017710305', 'N', 'N', '36.7', '2020-02-22');
INSERT INTO `stu_info` VALUES ('2017710305', 'N', 'N', '36.3', '2020-02-23');
INSERT INTO `stu_info` VALUES ('2017710305', 'N', 'N', '36.5', '2020-02-24');
INSERT INTO `stu_info` VALUES ('2017710305', 'N', 'N', '36.7', '2020-02-25');
INSERT INTO `stu_info` VALUES ('2017710305', 'N', 'N', '36.7', '2020-02-26');
INSERT INTO `stu_info` VALUES ('2017710305', 'N', 'N', '36.6', '2020-02-27');
INSERT INTO `stu_info` VALUES ('2017710305', 'N', 'N', '36.8', '2020-02-28');
INSERT INTO `stu_info` VALUES ('2017710305', 'N', 'N', '36.6', '2020-02-29');
INSERT INTO `stu_info` VALUES ('2017710305', 'N', 'N', '36.2', '2020-03-01');
INSERT INTO `stu_info` VALUES ('2017710305', 'N', 'N', '36.3', '2020-03-02');
INSERT INTO `stu_info` VALUES ('2017710305', 'N', 'N', '36.6', '2020-03-03');
INSERT INTO `stu_info` VALUES ('2017710305', 'N', 'N', '36.7', '2020-03-04');
INSERT INTO `stu_info` VALUES ('2017710305', 'Y', 'N', '37.0', '2020-03-05');
INSERT INTO `stu_info` VALUES ('2017710305', 'Y', 'Y', '37.8', '2020-03-06');
INSERT INTO `stu_info` VALUES ('2017710305', 'Y', 'Y', '37.8', '2020-03-07');
INSERT INTO `stu_info` VALUES ('2017710305', 'N', 'N', '36.8', '2020-03-08');
INSERT INTO `stu_info` VALUES ('2017710305', 'N', 'N', '36.2', '2020-03-09');
INSERT INTO `stu_info` VALUES ('2017710305', 'N', 'N', '36.2', '2020-03-10');
INSERT INTO `stu_info` VALUES ('2017710305', 'N', 'N', '36.6', '2020-03-11');
INSERT INTO `stu_info` VALUES ('2017710305', 'N', 'N', '36.8', '2020-03-12');
INSERT INTO `stu_info` VALUES ('2017710305', 'N', 'N', '36.6', '2020-03-13');
INSERT INTO `stu_info` VALUES ('2017710306', 'N', 'N', '36.0', '2020-02-19');
INSERT INTO `stu_info` VALUES ('2017710306', 'N', 'N', '36.4', '2020-02-20');
INSERT INTO `stu_info` VALUES ('2017710306', 'N', 'N', '36.3', '2020-02-21');
INSERT INTO `stu_info` VALUES ('2017710306', 'N', 'N', '36.4', '2020-02-22');
INSERT INTO `stu_info` VALUES ('2017710306', 'N', 'N', '36.6', '2020-02-23');
INSERT INTO `stu_info` VALUES ('2017710306', 'N', 'N', '37.0', '2020-02-24');
INSERT INTO `stu_info` VALUES ('2017710306', 'N', 'N', '36.9', '2020-02-25');
INSERT INTO `stu_info` VALUES ('2017710306', 'N', 'N', '36.6', '2020-02-26');
INSERT INTO `stu_info` VALUES ('2017710306', 'N', 'N', '36.9', '2020-02-27');
INSERT INTO `stu_info` VALUES ('2017710306', 'N', 'N', '36.9', '2020-02-28');
INSERT INTO `stu_info` VALUES ('2017710306', 'N', 'N', '36.5', '2020-02-29');
INSERT INTO `stu_info` VALUES ('2017710306', 'N', 'N', '36.3', '2020-03-01');
INSERT INTO `stu_info` VALUES ('2017710306', 'N', 'N', '36.3', '2020-03-02');
INSERT INTO `stu_info` VALUES ('2017710306', 'N', 'N', '36.7', '2020-03-03');
INSERT INTO `stu_info` VALUES ('2017710306', 'N', 'N', '36.0', '2020-03-04');
INSERT INTO `stu_info` VALUES ('2017710306', 'N', 'N', '36.8', '2020-03-05');
INSERT INTO `stu_info` VALUES ('2017710306', 'Y', 'N', '37.6', '2020-03-06');
INSERT INTO `stu_info` VALUES ('2017710306', 'Y', 'Y', '37.9', '2020-03-07');
INSERT INTO `stu_info` VALUES ('2017710306', 'Y', 'Y', '37.7', '2020-03-08');
INSERT INTO `stu_info` VALUES ('2017710307', 'N', 'N', '35.9', '2020-03-04');
INSERT INTO `stu_info` VALUES ('2017710307', 'N', 'N', '36.0', '2020-03-05');
INSERT INTO `stu_info` VALUES ('2017710307', 'N', 'N', '36.2', '2020-03-06');
INSERT INTO `stu_info` VALUES ('2017710307', 'N', 'N', '36.9', '2020-03-07');
INSERT INTO `stu_info` VALUES ('2017710307', 'Y', 'N', '37.8', '2020-03-08');
INSERT INTO `stu_info` VALUES ('2017710308', 'N', 'N', '36.7', '2020-03-04');
INSERT INTO `stu_info` VALUES ('2017710308', 'Y', 'N', '37.0', '2020-03-05');
INSERT INTO `stu_info` VALUES ('2017710308', 'Y', 'Y', '37.6', '2020-03-06');
INSERT INTO `stu_info` VALUES ('2017710308', 'Y', 'Y', '37.8', '2020-03-07');
INSERT INTO `stu_info` VALUES ('2017710308', 'Y', 'Y', '38.0', '2020-03-08');
INSERT INTO `stu_info` VALUES ('2017710308', 'Y', 'Y', '36.9', '2020-03-09');
INSERT INTO `stu_info` VALUES ('2017710308', 'Y', 'Y', '36.8', '2020-03-10');
INSERT INTO `stu_info` VALUES ('2017710308', 'Y', 'Y', '36.7', '2020-03-11');
INSERT INTO `stu_info` VALUES ('2017710308', 'N', 'N', '36.3', '2020-03-12');
INSERT INTO `stu_info` VALUES ('2017710308', 'N', 'N', '36.8', '2020-03-13');
INSERT INTO `stu_info` VALUES ('2017710309', 'N', 'N', '36.7', '2020-02-19');
INSERT INTO `stu_info` VALUES ('2017710309', 'N', 'N', '36.3', '2020-02-20');
INSERT INTO `stu_info` VALUES ('2017710309', 'N', 'N', '36.4', '2020-02-21');
INSERT INTO `stu_info` VALUES ('2017710309', 'N', 'N', '36.3', '2020-02-22');
INSERT INTO `stu_info` VALUES ('2017710309', 'N', 'N', '36.2', '2020-02-23');
INSERT INTO `stu_info` VALUES ('2017710309', 'N', 'N', '36.5', '2020-02-24');
INSERT INTO `stu_info` VALUES ('2017710309', 'N', 'N', '36.2', '2020-02-25');
INSERT INTO `stu_info` VALUES ('2017710309', 'N', 'N', '36.8', '2020-02-26');
INSERT INTO `stu_info` VALUES ('2017710309', 'N', 'N', '36.2', '2020-02-27');
INSERT INTO `stu_info` VALUES ('2017710309', 'N', 'N', '36.6', '2020-02-28');
INSERT INTO `stu_info` VALUES ('2017710309', 'N', 'N', '36.8', '2020-02-29');
INSERT INTO `stu_info` VALUES ('2017710309', 'N', 'N', '36.6', '2020-03-01');
INSERT INTO `stu_info` VALUES ('2017710309', 'N', 'N', '36.6', '2020-03-02');
INSERT INTO `stu_info` VALUES ('2017710309', 'N', 'N', '36.2', '2020-03-04');
INSERT INTO `stu_info` VALUES ('2017710309', 'N', 'N', '35.9', '2020-03-05');
INSERT INTO `stu_info` VALUES ('2017710309', 'N', 'N', '36.9', '2020-03-06');
INSERT INTO `stu_info` VALUES ('2017710309', 'N', 'N', '36.0', '2020-03-07');
INSERT INTO `stu_info` VALUES ('2017710309', 'N', 'N', '35.9', '2020-03-08');
INSERT INTO `stu_info` VALUES ('2017710309', 'N', 'N', '36.4', '2020-03-09');
INSERT INTO `stu_info` VALUES ('2017710309', 'N', 'N', '36.9', '2020-03-10');
INSERT INTO `stu_info` VALUES ('2017710309', 'N', 'N', '36.6', '2020-03-11');
INSERT INTO `stu_info` VALUES ('2017710309', 'N', 'N', '36.1', '2020-03-12');
INSERT INTO `stu_info` VALUES ('2017710309', 'N', 'N', '36.7', '2020-03-13');
INSERT INTO `stu_info` VALUES ('2017710310', 'N', 'N', '36.8', '2020-02-19');
INSERT INTO `stu_info` VALUES ('2017710310', 'N', 'N', '36.2', '2020-02-20');
INSERT INTO `stu_info` VALUES ('2017710310', 'N', 'N', '36.3', '2020-02-21');
INSERT INTO `stu_info` VALUES ('2017710310', 'N', 'N', '36.4', '2020-02-22');
INSERT INTO `stu_info` VALUES ('2017710310', 'N', 'N', '36.0', '2020-02-23');
INSERT INTO `stu_info` VALUES ('2017710310', 'N', 'N', '36.6', '2020-02-24');
INSERT INTO `stu_info` VALUES ('2017710310', 'N', 'N', '36.5', '2020-02-25');
INSERT INTO `stu_info` VALUES ('2017710310', 'N', 'N', '36.5', '2020-02-26');
INSERT INTO `stu_info` VALUES ('2017710310', 'N', 'N', '36.0', '2020-02-27');
INSERT INTO `stu_info` VALUES ('2017710310', 'N', 'N', '36.2', '2020-02-28');
INSERT INTO `stu_info` VALUES ('2017710310', 'N', 'N', '36.9', '2020-02-29');
INSERT INTO `stu_info` VALUES ('2017710310', 'N', 'N', '36.1', '2020-03-01');
INSERT INTO `stu_info` VALUES ('2017710310', 'N', 'N', '36.6', '2020-03-02');
INSERT INTO `stu_info` VALUES ('2017710310', 'N', 'N', '36.0', '2020-03-03');
INSERT INTO `stu_info` VALUES ('2017710310', 'N', 'N', '36.0', '2020-03-04');
INSERT INTO `stu_info` VALUES ('2017710310', 'N', 'N', '36.1', '2020-03-06');
INSERT INTO `stu_info` VALUES ('2017710310', 'N', 'N', '36.4', '2020-03-07');
INSERT INTO `stu_info` VALUES ('2017710310', 'N', 'N', '36.0', '2020-03-08');
INSERT INTO `stu_info` VALUES ('2017710310', 'N', 'N', '35.8', '2020-03-09');
INSERT INTO `stu_info` VALUES ('2017710310', 'N', 'N', '36.7', '2020-03-10');
INSERT INTO `stu_info` VALUES ('2017710310', 'N', 'N', '36.3', '2020-03-11');
INSERT INTO `stu_info` VALUES ('2017710310', 'N', 'N', '36.4', '2020-03-12');
INSERT INTO `stu_info` VALUES ('2017710310', 'N', 'N', '37.0', '2020-03-13');
INSERT INTO `stu_info` VALUES ('2017710311', 'N', 'N', '36.8', '2020-02-19');
INSERT INTO `stu_info` VALUES ('2017710311', 'N', 'N', '36.5', '2020-02-20');
INSERT INTO `stu_info` VALUES ('2017710311', 'N', 'N', '36.6', '2020-02-21');
INSERT INTO `stu_info` VALUES ('2017710311', 'N', 'N', '36.7', '2020-02-22');
INSERT INTO `stu_info` VALUES ('2017710311', 'N', 'N', '36.3', '2020-02-23');
INSERT INTO `stu_info` VALUES ('2017710311', 'N', 'N', '36.2', '2020-02-24');
INSERT INTO `stu_info` VALUES ('2017710311', 'N', 'N', '36.1', '2020-02-25');
INSERT INTO `stu_info` VALUES ('2017710311', 'N', 'N', '36.1', '2020-02-26');
INSERT INTO `stu_info` VALUES ('2017710311', 'N', 'N', '36.6', '2020-02-27');
INSERT INTO `stu_info` VALUES ('2017710311', 'N', 'N', '36.1', '2020-02-28');
INSERT INTO `stu_info` VALUES ('2017710311', 'N', 'N', '36.1', '2020-02-29');
INSERT INTO `stu_info` VALUES ('2017710311', 'N', 'N', '36.2', '2020-03-01');
INSERT INTO `stu_info` VALUES ('2017710311', 'N', 'N', '36.3', '2020-03-02');
INSERT INTO `stu_info` VALUES ('2017710311', 'N', 'N', '36.2', '2020-03-03');
INSERT INTO `stu_info` VALUES ('2017710311', 'N', 'N', '36.4', '2020-03-04');
INSERT INTO `stu_info` VALUES ('2017710311', 'N', 'N', '36.0', '2020-03-05');
INSERT INTO `stu_info` VALUES ('2017710311', 'N', 'N', '35.9', '2020-03-06');
INSERT INTO `stu_info` VALUES ('2017710311', 'N', 'N', '36.0', '2020-03-07');
INSERT INTO `stu_info` VALUES ('2017710311', 'N', 'N', '36.2', '2020-03-08');
INSERT INTO `stu_info` VALUES ('2017710311', 'N', 'N', '36.9', '2020-03-09');
INSERT INTO `stu_info` VALUES ('2017710311', 'Y', 'Y', '37.8', '2020-03-11');
INSERT INTO `stu_info` VALUES ('2017710312', 'N', 'N', '36.8', '2020-02-19');
INSERT INTO `stu_info` VALUES ('2017710312', 'N', 'N', '36.1', '2020-02-20');
INSERT INTO `stu_info` VALUES ('2017710312', 'N', 'N', '36.6', '2020-02-21');
INSERT INTO `stu_info` VALUES ('2017710312', 'N', 'N', '36.1', '2020-02-22');
INSERT INTO `stu_info` VALUES ('2017710312', 'N', 'N', '36.2', '2020-02-23');
INSERT INTO `stu_info` VALUES ('2017710312', 'N', 'N', '36.9', '2020-02-24');
INSERT INTO `stu_info` VALUES ('2017710312', 'N', 'N', '36.8', '2020-02-25');
INSERT INTO `stu_info` VALUES ('2017710312', 'N', 'N', '36.9', '2020-02-26');
INSERT INTO `stu_info` VALUES ('2017710312', 'N', 'N', '36.5', '2020-02-27');
INSERT INTO `stu_info` VALUES ('2017710312', 'N', 'N', '36.1', '2020-02-28');
INSERT INTO `stu_info` VALUES ('2017710312', 'N', 'N', '36.9', '2020-02-29');
INSERT INTO `stu_info` VALUES ('2017710312', 'N', 'N', '36.3', '2020-03-01');
INSERT INTO `stu_info` VALUES ('2017710312', 'N', 'N', '36.2', '2020-03-02');
INSERT INTO `stu_info` VALUES ('2017710312', 'N', 'N', '36.5', '2020-03-03');
INSERT INTO `stu_info` VALUES ('2017710312', 'N', 'N', '36.5', '2020-03-04');
INSERT INTO `stu_info` VALUES ('2017710312', 'N', 'N', '36.6', '2020-03-05');
INSERT INTO `stu_info` VALUES ('2017710312', 'N', 'N', '36.7', '2020-03-06');
INSERT INTO `stu_info` VALUES ('2017710312', 'N', 'N', '35.9', '2020-03-07');
INSERT INTO `stu_info` VALUES ('2017710312', 'N', 'N', '36.0', '2020-03-08');
INSERT INTO `stu_info` VALUES ('2017710312', 'N', 'N', '35.9', '2020-03-09');
INSERT INTO `stu_info` VALUES ('2017710313', 'N', 'N', '36.8', '2020-02-19');
INSERT INTO `stu_info` VALUES ('2017710313', 'N', 'N', '36.7', '2020-02-20');
INSERT INTO `stu_info` VALUES ('2017710313', 'N', 'N', '35.9', '2020-03-12');
INSERT INTO `stu_info` VALUES ('2017710314', 'N', 'N', '36.2', '2020-02-19');
INSERT INTO `stu_info` VALUES ('2017710314', 'N', 'N', '36.9', '2020-02-20');
INSERT INTO `stu_info` VALUES ('2017710314', 'N', 'N', '36.8', '2020-02-21');
INSERT INTO `stu_info` VALUES ('2017710314', 'N', 'N', '36.4', '2020-02-22');
INSERT INTO `stu_info` VALUES ('2017710314', 'N', 'N', '36.0', '2020-02-23');
INSERT INTO `stu_info` VALUES ('2017710314', 'N', 'N', '36.6', '2020-02-24');
INSERT INTO `stu_info` VALUES ('2017710314', 'N', 'N', '36.0', '2020-02-25');
INSERT INTO `stu_info` VALUES ('2017710314', 'N', 'N', '36.0', '2020-02-26');
INSERT INTO `stu_info` VALUES ('2017710314', 'N', 'N', '36.1', '2020-02-27');
INSERT INTO `stu_info` VALUES ('2017710314', 'N', 'N', '36.7', '2020-02-28');
INSERT INTO `stu_info` VALUES ('2017710314', 'N', 'N', '36.8', '2020-02-29');
INSERT INTO `stu_info` VALUES ('2017710314', 'N', 'N', '36.7', '2020-03-01');
INSERT INTO `stu_info` VALUES ('2017710314', 'N', 'N', '36.9', '2020-03-02');
INSERT INTO `stu_info` VALUES ('2017710314', 'N', 'N', '36.9', '2020-03-03');
INSERT INTO `stu_info` VALUES ('2017710314', 'N', 'N', '36.9', '2020-03-04');
INSERT INTO `stu_info` VALUES ('2017710314', 'N', 'N', '36.7', '2020-03-05');
INSERT INTO `stu_info` VALUES ('2017710314', 'N', 'N', '36.5', '2020-03-06');
INSERT INTO `stu_info` VALUES ('2017710314', 'N', 'N', '36.7', '2020-03-07');
INSERT INTO `stu_info` VALUES ('2017710314', 'N', 'N', '36.7', '2020-03-08');
INSERT INTO `stu_info` VALUES ('2017710314', 'N', 'N', '36.8', '2020-03-09');
INSERT INTO `stu_info` VALUES ('2017710314', 'N', 'N', '36.5', '2020-03-10');
INSERT INTO `stu_info` VALUES ('2017710314', 'N', 'N', '37.0', '2020-03-11');
INSERT INTO `stu_info` VALUES ('2017710314', 'N', 'N', '36.1', '2020-03-12');
INSERT INTO `stu_info` VALUES ('2017710314', 'N', 'N', '36.6', '2020-03-13');
INSERT INTO `stu_info` VALUES ('2017710315', 'N', 'N', '36.2', '2020-02-19');
INSERT INTO `stu_info` VALUES ('2017710315', 'N', 'N', '36.3', '2020-02-20');
INSERT INTO `stu_info` VALUES ('2017710315', 'Y', 'Y', '37.0', '2020-02-21');
INSERT INTO `stu_info` VALUES ('2017710315', 'Y', 'Y', '37.9', '2020-02-22');
INSERT INTO `stu_info` VALUES ('2017710315', 'Y', 'Y', '38.0', '2020-02-23');
INSERT INTO `stu_info` VALUES ('2017710315', 'Y', 'Y', '37.8', '2020-02-24');
INSERT INTO `stu_info` VALUES ('2017710315', 'Y', 'Y', '36.9', '2020-02-25');
INSERT INTO `stu_info` VALUES ('2017710315', 'Y', 'Y', '36.8', '2020-02-26');
INSERT INTO `stu_info` VALUES ('2017710315', 'Y', 'Y', '36.6', '2020-02-27');
INSERT INTO `stu_info` VALUES ('2017710315', 'N', 'N', '36.6', '2020-02-28');
INSERT INTO `stu_info` VALUES ('2017710315', 'N', 'N', '36.4', '2020-02-29');
INSERT INTO `stu_info` VALUES ('2017710315', 'N', 'N', '36.8', '2020-03-01');
INSERT INTO `stu_info` VALUES ('2017710315', 'N', 'N', '36.2', '2020-03-02');
INSERT INTO `stu_info` VALUES ('2017710315', 'N', 'N', '36.1', '2020-03-03');
INSERT INTO `stu_info` VALUES ('2017710315', 'N', 'N', '36.5', '2020-03-04');
INSERT INTO `stu_info` VALUES ('2017710315', 'N', 'N', '36.6', '2020-03-05');
INSERT INTO `stu_info` VALUES ('2017710315', 'N', 'N', '36.2', '2020-03-06');
INSERT INTO `stu_info` VALUES ('2017710315', 'N', 'N', '36.4', '2020-03-07');
INSERT INTO `stu_info` VALUES ('2017710315', 'N', 'N', '36.1', '2020-03-08');
INSERT INTO `stu_info` VALUES ('2017710315', 'N', 'N', '36.6', '2020-03-09');
INSERT INTO `stu_info` VALUES ('2017710315', 'N', 'N', '36.4', '2020-03-10');
INSERT INTO `stu_info` VALUES ('2017710315', 'N', 'N', '36.4', '2020-03-11');
INSERT INTO `stu_info` VALUES ('2017710315', 'N', 'N', '36.9', '2020-03-12');
INSERT INTO `stu_info` VALUES ('2017710315', 'N', 'N', '36.3', '2020-03-13');
INSERT INTO `stu_info` VALUES ('2017710316', 'N', 'N', '36.9', '2020-02-19');
INSERT INTO `stu_info` VALUES ('2017710316', 'N', 'N', '36.0', '2020-02-20');
INSERT INTO `stu_info` VALUES ('2017710316', 'N', 'N', '36.6', '2020-02-21');
INSERT INTO `stu_info` VALUES ('2017710316', 'N', 'N', '36.7', '2020-02-22');
INSERT INTO `stu_info` VALUES ('2017710316', 'N', 'N', '36.6', '2020-02-23');
INSERT INTO `stu_info` VALUES ('2017710316', 'N', 'N', '36.3', '2020-02-24');
INSERT INTO `stu_info` VALUES ('2017710316', 'N', 'N', '36.1', '2020-02-25');
INSERT INTO `stu_info` VALUES ('2017710316', 'N', 'N', '36.1', '2020-02-26');
INSERT INTO `stu_info` VALUES ('2017710316', 'N', 'N', '36.1', '2020-02-27');
INSERT INTO `stu_info` VALUES ('2017710316', 'N', 'N', '36.0', '2020-02-28');
INSERT INTO `stu_info` VALUES ('2017710316', 'N', 'N', '36.1', '2020-02-29');
INSERT INTO `stu_info` VALUES ('2017710316', 'N', 'N', '36.8', '2020-03-01');
INSERT INTO `stu_info` VALUES ('2017710316', 'N', 'N', '36.6', '2020-03-02');
INSERT INTO `stu_info` VALUES ('2017710316', 'N', 'N', '36.1', '2020-03-03');
INSERT INTO `stu_info` VALUES ('2017710316', 'N', 'N', '36.8', '2020-03-04');
INSERT INTO `stu_info` VALUES ('2017710316', 'N', 'N', '36.1', '2020-03-05');
INSERT INTO `stu_info` VALUES ('2017710316', 'N', 'N', '36.2', '2020-03-06');
INSERT INTO `stu_info` VALUES ('2017710316', 'N', 'N', '36.5', '2020-03-07');
INSERT INTO `stu_info` VALUES ('2017710316', 'N', 'N', '36.9', '2020-03-08');
INSERT INTO `stu_info` VALUES ('2017710316', 'N', 'N', '36.9', '2020-03-09');
INSERT INTO `stu_info` VALUES ('2017710316', 'N', 'N', '36.0', '2020-03-10');
INSERT INTO `stu_info` VALUES ('2017710316', 'N', 'N', '36.3', '2020-03-11');
INSERT INTO `stu_info` VALUES ('2017710316', 'N', 'N', '36.9', '2020-03-12');
INSERT INTO `stu_info` VALUES ('2017710316', 'N', 'N', '36.7', '2020-03-13');
INSERT INTO `stu_info` VALUES ('2017710317', 'N', 'N', '36.9', '2020-02-19');
INSERT INTO `stu_info` VALUES ('2017710317', 'N', 'N', '36.8', '2020-02-20');
INSERT INTO `stu_info` VALUES ('2017710317', 'N', 'N', '36.0', '2020-02-21');
INSERT INTO `stu_info` VALUES ('2017710317', 'N', 'N', '36.3', '2020-02-22');
INSERT INTO `stu_info` VALUES ('2017710317', 'N', 'N', '37.0', '2020-02-23');
INSERT INTO `stu_info` VALUES ('2017710317', 'N', 'N', '36.4', '2020-02-24');
INSERT INTO `stu_info` VALUES ('2017710317', 'N', 'N', '36.9', '2020-02-25');
INSERT INTO `stu_info` VALUES ('2017710317', 'N', 'N', '36.4', '2020-02-26');
INSERT INTO `stu_info` VALUES ('2017710317', 'N', 'N', '36.3', '2020-02-27');
INSERT INTO `stu_info` VALUES ('2017710317', 'N', 'N', '36.8', '2020-02-28');
INSERT INTO `stu_info` VALUES ('2017710317', 'N', 'N', '36.1', '2020-02-29');
INSERT INTO `stu_info` VALUES ('2017710317', 'N', 'N', '36.0', '2020-03-01');
INSERT INTO `stu_info` VALUES ('2017710317', 'N', 'N', '36.2', '2020-03-02');
INSERT INTO `stu_info` VALUES ('2017710317', 'N', 'N', '36.9', '2020-03-03');
INSERT INTO `stu_info` VALUES ('2017710317', 'N', 'N', '36.2', '2020-03-04');
INSERT INTO `stu_info` VALUES ('2017710317', 'N', 'N', '36.3', '2020-03-05');
INSERT INTO `stu_info` VALUES ('2017710317', 'N', 'N', '36.5', '2020-03-06');
INSERT INTO `stu_info` VALUES ('2017710317', 'N', 'N', '36.6', '2020-03-07');
INSERT INTO `stu_info` VALUES ('2017710317', 'N', 'N', '36.9', '2020-03-08');
INSERT INTO `stu_info` VALUES ('2017710317', 'N', 'N', '36.4', '2020-03-09');
INSERT INTO `stu_info` VALUES ('2017710317', 'N', 'N', '36.1', '2020-03-10');
INSERT INTO `stu_info` VALUES ('2017710317', 'N', 'N', '36.9', '2020-03-11');
INSERT INTO `stu_info` VALUES ('2017710317', 'N', 'N', '36.5', '2020-03-12');
INSERT INTO `stu_info` VALUES ('2017710317', 'N', 'N', '36.2', '2020-03-13');
INSERT INTO `stu_info` VALUES ('2017710318', 'N', 'N', '36.9', '2020-02-19');
INSERT INTO `stu_info` VALUES ('2017710318', 'N', 'N', '36.7', '2020-02-20');
INSERT INTO `stu_info` VALUES ('2017710318', 'N', 'N', '36.3', '2020-02-21');
INSERT INTO `stu_info` VALUES ('2017710318', 'N', 'N', '36.4', '2020-02-22');
INSERT INTO `stu_info` VALUES ('2017710318', 'N', 'N', '36.4', '2020-02-23');
INSERT INTO `stu_info` VALUES ('2017710318', 'N', 'N', '36.2', '2020-02-24');
INSERT INTO `stu_info` VALUES ('2017710318', 'N', 'N', '36.9', '2020-02-25');
INSERT INTO `stu_info` VALUES ('2017710318', 'N', 'N', '36.1', '2020-02-26');
INSERT INTO `stu_info` VALUES ('2017710318', 'N', 'N', '36.3', '2020-02-27');
INSERT INTO `stu_info` VALUES ('2017710318', 'N', 'N', '36.8', '2020-02-28');
INSERT INTO `stu_info` VALUES ('2017710318', 'N', 'N', '36.7', '2020-02-29');
INSERT INTO `stu_info` VALUES ('2017710318', 'N', 'N', '36.5', '2020-03-01');
INSERT INTO `stu_info` VALUES ('2017710318', 'N', 'N', '36.6', '2020-03-02');
INSERT INTO `stu_info` VALUES ('2017710318', 'N', 'N', '36.8', '2020-03-03');
INSERT INTO `stu_info` VALUES ('2017710318', 'N', 'N', '36.6', '2020-03-04');
INSERT INTO `stu_info` VALUES ('2017710318', 'N', 'N', '37.0', '2020-03-05');
INSERT INTO `stu_info` VALUES ('2017710318', 'N', 'N', '36.7', '2020-03-06');
INSERT INTO `stu_info` VALUES ('2017710318', 'N', 'N', '36.3', '2020-03-07');
INSERT INTO `stu_info` VALUES ('2017710318', 'N', 'N', '36.9', '2020-03-08');
INSERT INTO `stu_info` VALUES ('2017710318', 'N', 'N', '36.8', '2020-03-09');
INSERT INTO `stu_info` VALUES ('2017710318', 'N', 'N', '36.1', '2020-03-10');
INSERT INTO `stu_info` VALUES ('2017710318', 'N', 'N', '36.3', '2020-03-11');
INSERT INTO `stu_info` VALUES ('2017710318', 'N', 'N', '36.0', '2020-03-12');
INSERT INTO `stu_info` VALUES ('2017710318', 'N', 'N', '36.7', '2020-03-13');
INSERT INTO `stu_info` VALUES ('2017710319', 'N', 'N', '36.7', '2020-02-19');
INSERT INTO `stu_info` VALUES ('2017710319', 'N', 'N', '36.5', '2020-02-20');
INSERT INTO `stu_info` VALUES ('2017710319', 'N', 'N', '36.8', '2020-02-21');
INSERT INTO `stu_info` VALUES ('2017710319', 'N', 'N', '36.7', '2020-02-22');
INSERT INTO `stu_info` VALUES ('2017710319', 'N', 'N', '36.5', '2020-02-23');
INSERT INTO `stu_info` VALUES ('2017710319', 'N', 'N', '36.1', '2020-02-24');
INSERT INTO `stu_info` VALUES ('2017710319', 'N', 'N', '36.0', '2020-02-25');
INSERT INTO `stu_info` VALUES ('2017710319', 'N', 'N', '36.9', '2020-02-26');
INSERT INTO `stu_info` VALUES ('2017710319', 'N', 'N', '36.1', '2020-02-27');
INSERT INTO `stu_info` VALUES ('2017710319', 'N', 'N', '36.8', '2020-02-28');
INSERT INTO `stu_info` VALUES ('2017710319', 'N', 'N', '36.3', '2020-02-29');
INSERT INTO `stu_info` VALUES ('2017710319', 'N', 'N', '37.0', '2020-03-01');
INSERT INTO `stu_info` VALUES ('2017710319', 'N', 'N', '36.2', '2020-03-02');
INSERT INTO `stu_info` VALUES ('2017710319', 'N', 'N', '36.8', '2020-03-03');
INSERT INTO `stu_info` VALUES ('2017710319', 'N', 'N', '36.6', '2020-03-04');
INSERT INTO `stu_info` VALUES ('2017710319', 'N', 'N', '36.7', '2020-03-05');
INSERT INTO `stu_info` VALUES ('2017710319', 'N', 'N', '36.4', '2020-03-06');
INSERT INTO `stu_info` VALUES ('2017710319', 'N', 'N', '36.6', '2020-03-07');
INSERT INTO `stu_info` VALUES ('2017710319', 'N', 'N', '36.6', '2020-03-08');
INSERT INTO `stu_info` VALUES ('2017710319', 'N', 'N', '36.8', '2020-03-09');
INSERT INTO `stu_info` VALUES ('2017710319', 'N', 'N', '36.4', '2020-03-10');
INSERT INTO `stu_info` VALUES ('2017710319', 'N', 'N', '36.5', '2020-03-11');
INSERT INTO `stu_info` VALUES ('2017710319', 'N', 'N', '36.6', '2020-03-12');
INSERT INTO `stu_info` VALUES ('2017710319', 'N', 'N', '36.1', '2020-03-13');
INSERT INTO `stu_info` VALUES ('2017710320', 'N', 'N', '36.2', '2020-02-19');
INSERT INTO `stu_info` VALUES ('2017710320', 'N', 'N', '36.7', '2020-02-20');
INSERT INTO `stu_info` VALUES ('2017710320', 'N', 'N', '36.1', '2020-02-21');
INSERT INTO `stu_info` VALUES ('2017710320', 'N', 'N', '36.1', '2020-02-22');
INSERT INTO `stu_info` VALUES ('2017710320', 'N', 'N', '36.4', '2020-02-23');
INSERT INTO `stu_info` VALUES ('2017710320', 'N', 'N', '36.6', '2020-02-24');
INSERT INTO `stu_info` VALUES ('2017710320', 'N', 'N', '36.9', '2020-02-25');
INSERT INTO `stu_info` VALUES ('2017710320', 'N', 'N', '36.5', '2020-02-26');
INSERT INTO `stu_info` VALUES ('2017710320', 'N', 'N', '36.4', '2020-02-27');
INSERT INTO `stu_info` VALUES ('2017710320', 'N', 'N', '36.6', '2020-02-28');
INSERT INTO `stu_info` VALUES ('2017710320', 'N', 'N', '36.1', '2020-02-29');
INSERT INTO `stu_info` VALUES ('2017710320', 'N', 'N', '36.7', '2020-03-01');
INSERT INTO `stu_info` VALUES ('2017710320', 'N', 'N', '37.0', '2020-03-02');
INSERT INTO `stu_info` VALUES ('2017710320', 'N', 'N', '36.6', '2020-03-03');
INSERT INTO `stu_info` VALUES ('2017710320', 'N', 'N', '36.3', '2020-03-04');
INSERT INTO `stu_info` VALUES ('2017710320', 'N', 'N', '36.4', '2020-03-05');
INSERT INTO `stu_info` VALUES ('2017710320', 'N', 'N', '36.3', '2020-03-06');
INSERT INTO `stu_info` VALUES ('2017710320', 'N', 'N', '36.5', '2020-03-07');
INSERT INTO `stu_info` VALUES ('2017710320', 'N', 'N', '36.2', '2020-03-08');
INSERT INTO `stu_info` VALUES ('2017710320', 'N', 'N', '36.8', '2020-03-09');
INSERT INTO `stu_info` VALUES ('2017710320', 'N', 'N', '36.0', '2020-03-10');
INSERT INTO `stu_info` VALUES ('2017710320', 'N', 'N', '36.0', '2020-03-11');
INSERT INTO `stu_info` VALUES ('2017710320', 'N', 'N', '37.0', '2020-03-12');
INSERT INTO `stu_info` VALUES ('2017710320', 'N', 'N', '36.4', '2020-03-13');
INSERT INTO `stu_info` VALUES ('2017710321', 'N', 'N', '36.9', '2020-02-19');
INSERT INTO `stu_info` VALUES ('2017710321', 'N', 'N', '36.1', '2020-02-20');
INSERT INTO `stu_info` VALUES ('2017710321', 'N', 'N', '36.5', '2020-02-21');
INSERT INTO `stu_info` VALUES ('2017710321', 'N', 'N', '36.1', '2020-02-22');
INSERT INTO `stu_info` VALUES ('2017710321', 'N', 'N', '36.0', '2020-02-23');
INSERT INTO `stu_info` VALUES ('2017710321', 'N', 'N', '36.3', '2020-02-24');
INSERT INTO `stu_info` VALUES ('2017710321', 'N', 'N', '36.9', '2020-02-25');
INSERT INTO `stu_info` VALUES ('2017710321', 'N', 'N', '36.1', '2020-02-26');
INSERT INTO `stu_info` VALUES ('2017710321', 'N', 'N', '36.4', '2020-02-27');
INSERT INTO `stu_info` VALUES ('2017710321', 'N', 'N', '36.8', '2020-02-28');
INSERT INTO `stu_info` VALUES ('2017710321', 'N', 'N', '36.6', '2020-02-29');
INSERT INTO `stu_info` VALUES ('2017710321', 'N', 'N', '36.5', '2020-03-01');
INSERT INTO `stu_info` VALUES ('2017710321', 'N', 'N', '36.8', '2020-03-02');
INSERT INTO `stu_info` VALUES ('2017710321', 'N', 'N', '36.9', '2020-03-03');
INSERT INTO `stu_info` VALUES ('2017710321', 'N', 'N', '36.4', '2020-03-04');
INSERT INTO `stu_info` VALUES ('2017710321', 'N', 'N', '36.5', '2020-03-05');
INSERT INTO `stu_info` VALUES ('2017710321', 'N', 'N', '36.5', '2020-03-06');
INSERT INTO `stu_info` VALUES ('2017710321', 'N', 'N', '36.5', '2020-03-07');
INSERT INTO `stu_info` VALUES ('2017710321', 'N', 'N', '36.0', '2020-03-08');
INSERT INTO `stu_info` VALUES ('2017710321', 'N', 'N', '36.4', '2020-03-09');
INSERT INTO `stu_info` VALUES ('2017710321', 'N', 'N', '36.7', '2020-03-10');
INSERT INTO `stu_info` VALUES ('2017710321', 'N', 'N', '36.5', '2020-03-11');
INSERT INTO `stu_info` VALUES ('2017710321', 'N', 'N', '36.6', '2020-03-12');
INSERT INTO `stu_info` VALUES ('2017710321', 'N', 'N', '36.8', '2020-03-13');
INSERT INTO `stu_info` VALUES ('2017710322', 'N', 'N', '36.9', '2020-02-19');
INSERT INTO `stu_info` VALUES ('2017710322', 'N', 'N', '36.7', '2020-02-20');
INSERT INTO `stu_info` VALUES ('2017710322', 'N', 'N', '36.7', '2020-02-21');
INSERT INTO `stu_info` VALUES ('2017710322', 'N', 'N', '36.1', '2020-02-22');
INSERT INTO `stu_info` VALUES ('2017710322', 'N', 'N', '36.3', '2020-02-23');
INSERT INTO `stu_info` VALUES ('2017710322', 'N', 'N', '36.8', '2020-02-24');
INSERT INTO `stu_info` VALUES ('2017710322', 'N', 'N', '36.8', '2020-02-25');
INSERT INTO `stu_info` VALUES ('2017710322', 'N', 'N', '36.1', '2020-02-26');
INSERT INTO `stu_info` VALUES ('2017710322', 'N', 'N', '36.9', '2020-02-27');
INSERT INTO `stu_info` VALUES ('2017710322', 'N', 'N', '36.1', '2020-02-28');
INSERT INTO `stu_info` VALUES ('2017710322', 'N', 'N', '36.1', '2020-02-29');
INSERT INTO `stu_info` VALUES ('2017710322', 'N', 'N', '36.5', '2020-03-01');
INSERT INTO `stu_info` VALUES ('2017710322', 'N', 'N', '36.5', '2020-03-02');
INSERT INTO `stu_info` VALUES ('2017710322', 'N', 'N', '36.2', '2020-03-03');
INSERT INTO `stu_info` VALUES ('2017710322', 'N', 'N', '36.0', '2020-03-04');
INSERT INTO `stu_info` VALUES ('2017710322', 'N', 'N', '36.4', '2020-03-05');
INSERT INTO `stu_info` VALUES ('2017710322', 'N', 'N', '36.9', '2020-03-06');
INSERT INTO `stu_info` VALUES ('2017710322', 'N', 'N', '36.8', '2020-03-07');
INSERT INTO `stu_info` VALUES ('2017710322', 'N', 'N', '36.4', '2020-03-08');
INSERT INTO `stu_info` VALUES ('2017710322', 'N', 'N', '36.6', '2020-03-09');
INSERT INTO `stu_info` VALUES ('2017710322', 'N', 'N', '36.7', '2020-03-10');
INSERT INTO `stu_info` VALUES ('2017710322', 'N', 'N', '36.1', '2020-03-11');
INSERT INTO `stu_info` VALUES ('2017710322', 'N', 'N', '36.8', '2020-03-12');
INSERT INTO `stu_info` VALUES ('2017710322', 'N', 'N', '36.1', '2020-03-13');
INSERT INTO `stu_info` VALUES ('2017710323', 'N', 'N', '36.6', '2020-02-19');
INSERT INTO `stu_info` VALUES ('2017710323', 'N', 'N', '36.0', '2020-02-20');
INSERT INTO `stu_info` VALUES ('2017710323', 'N', 'N', '36.3', '2020-02-21');
INSERT INTO `stu_info` VALUES ('2017710323', 'N', 'N', '37.0', '2020-02-22');
INSERT INTO `stu_info` VALUES ('2017710323', 'N', 'N', '36.4', '2020-02-23');
INSERT INTO `stu_info` VALUES ('2017710323', 'N', 'N', '36.6', '2020-02-24');
INSERT INTO `stu_info` VALUES ('2017710323', 'N', 'N', '36.1', '2020-02-25');
INSERT INTO `stu_info` VALUES ('2017710323', 'N', 'N', '36.2', '2020-02-26');
INSERT INTO `stu_info` VALUES ('2017710323', 'N', 'N', '36.5', '2020-02-27');
INSERT INTO `stu_info` VALUES ('2017710323', 'N', 'N', '36.0', '2020-02-28');
INSERT INTO `stu_info` VALUES ('2017710323', 'N', 'N', '36.7', '2020-02-29');
INSERT INTO `stu_info` VALUES ('2017710323', 'N', 'N', '36.8', '2020-03-01');
INSERT INTO `stu_info` VALUES ('2017710323', 'N', 'N', '36.5', '2020-03-02');
INSERT INTO `stu_info` VALUES ('2017710323', 'N', 'N', '36.1', '2020-03-03');
INSERT INTO `stu_info` VALUES ('2017710323', 'N', 'N', '36.7', '2020-03-04');
INSERT INTO `stu_info` VALUES ('2017710323', 'N', 'N', '36.8', '2020-03-05');
INSERT INTO `stu_info` VALUES ('2017710323', 'N', 'N', '36.9', '2020-03-06');
INSERT INTO `stu_info` VALUES ('2017710323', 'N', 'N', '37.0', '2020-03-07');
INSERT INTO `stu_info` VALUES ('2017710323', 'N', 'N', '36.5', '2020-03-08');
INSERT INTO `stu_info` VALUES ('2017710323', 'N', 'N', '36.3', '2020-03-09');
INSERT INTO `stu_info` VALUES ('2017710323', 'N', 'N', '36.1', '2020-03-10');
INSERT INTO `stu_info` VALUES ('2017710323', 'N', 'N', '36.1', '2020-03-11');
INSERT INTO `stu_info` VALUES ('2017710323', 'N', 'N', '36.1', '2020-03-12');
INSERT INTO `stu_info` VALUES ('2017710323', 'N', 'N', '36.4', '2020-03-13');
INSERT INTO `stu_info` VALUES ('2017710324', 'N', 'N', '36.8', '2020-02-19');
INSERT INTO `stu_info` VALUES ('2017710324', 'N', 'N', '36.0', '2020-02-20');
INSERT INTO `stu_info` VALUES ('2017710324', 'N', 'N', '36.1', '2020-02-21');
INSERT INTO `stu_info` VALUES ('2017710324', 'N', 'N', '36.9', '2020-02-22');
INSERT INTO `stu_info` VALUES ('2017710324', 'N', 'N', '36.4', '2020-02-23');
INSERT INTO `stu_info` VALUES ('2017710324', 'N', 'N', '36.7', '2020-02-24');
INSERT INTO `stu_info` VALUES ('2017710324', 'N', 'N', '36.3', '2020-02-25');
INSERT INTO `stu_info` VALUES ('2017710324', 'N', 'N', '36.2', '2020-02-26');
INSERT INTO `stu_info` VALUES ('2017710324', 'N', 'N', '36.5', '2020-02-27');
INSERT INTO `stu_info` VALUES ('2017710324', 'N', 'N', '36.9', '2020-02-28');
INSERT INTO `stu_info` VALUES ('2017710324', 'N', 'N', '36.6', '2020-02-29');
INSERT INTO `stu_info` VALUES ('2017710324', 'N', 'N', '36.2', '2020-03-01');
INSERT INTO `stu_info` VALUES ('2017710324', 'N', 'N', '36.5', '2020-03-02');
INSERT INTO `stu_info` VALUES ('2017710324', 'N', 'N', '36.6', '2020-03-03');
INSERT INTO `stu_info` VALUES ('2017710324', 'N', 'N', '36.6', '2020-03-04');
INSERT INTO `stu_info` VALUES ('2017710324', 'N', 'N', '36.4', '2020-03-05');
INSERT INTO `stu_info` VALUES ('2017710324', 'N', 'N', '36.7', '2020-03-06');
INSERT INTO `stu_info` VALUES ('2017710324', 'N', 'N', '36.4', '2020-03-07');
INSERT INTO `stu_info` VALUES ('2017710324', 'N', 'N', '36.5', '2020-03-08');
INSERT INTO `stu_info` VALUES ('2017710324', 'N', 'N', '36.3', '2020-03-09');
INSERT INTO `stu_info` VALUES ('2017710324', 'N', 'N', '36.6', '2020-03-10');
INSERT INTO `stu_info` VALUES ('2017710324', 'N', 'N', '36.5', '2020-03-11');
INSERT INTO `stu_info` VALUES ('2017710324', 'N', 'N', '36.3', '2020-03-12');
INSERT INTO `stu_info` VALUES ('2017710324', 'N', 'N', '36.7', '2020-03-13');
INSERT INTO `stu_info` VALUES ('2017710325', 'N', 'N', '36.5', '2020-02-19');
INSERT INTO `stu_info` VALUES ('2017710325', 'N', 'N', '37.0', '2020-02-20');
INSERT INTO `stu_info` VALUES ('2017710325', 'N', 'N', '36.7', '2020-02-21');
INSERT INTO `stu_info` VALUES ('2017710325', 'N', 'N', '36.9', '2020-02-22');
INSERT INTO `stu_info` VALUES ('2017710325', 'N', 'N', '36.9', '2020-02-23');
INSERT INTO `stu_info` VALUES ('2017710325', 'N', 'N', '36.2', '2020-02-24');
INSERT INTO `stu_info` VALUES ('2017710325', 'N', 'N', '37.0', '2020-02-25');
INSERT INTO `stu_info` VALUES ('2017710325', 'N', 'N', '37.0', '2020-02-26');
INSERT INTO `stu_info` VALUES ('2017710325', 'N', 'N', '36.4', '2020-02-27');
INSERT INTO `stu_info` VALUES ('2017710325', 'N', 'N', '36.4', '2020-02-28');
INSERT INTO `stu_info` VALUES ('2017710325', 'N', 'N', '36.2', '2020-02-29');
INSERT INTO `stu_info` VALUES ('2017710325', 'N', 'N', '36.4', '2020-03-01');
INSERT INTO `stu_info` VALUES ('2017710325', 'N', 'N', '36.3', '2020-03-02');
INSERT INTO `stu_info` VALUES ('2017710325', 'N', 'N', '36.6', '2020-03-03');
INSERT INTO `stu_info` VALUES ('2017710325', 'N', 'N', '36.9', '2020-03-04');
INSERT INTO `stu_info` VALUES ('2017710325', 'N', 'N', '36.9', '2020-03-05');
INSERT INTO `stu_info` VALUES ('2017710325', 'N', 'N', '36.1', '2020-03-06');
INSERT INTO `stu_info` VALUES ('2017710325', 'N', 'N', '36.4', '2020-03-07');
INSERT INTO `stu_info` VALUES ('2017710325', 'N', 'N', '36.6', '2020-03-08');
INSERT INTO `stu_info` VALUES ('2017710325', 'N', 'N', '36.3', '2020-03-09');
INSERT INTO `stu_info` VALUES ('2017710325', 'N', 'N', '37.0', '2020-03-10');
INSERT INTO `stu_info` VALUES ('2017710325', 'N', 'N', '36.7', '2020-03-11');
INSERT INTO `stu_info` VALUES ('2017710325', 'N', 'N', '36.1', '2020-03-12');
INSERT INTO `stu_info` VALUES ('2017710325', 'N', 'N', '36.7', '2020-03-13');
INSERT INTO `stu_info` VALUES ('2017710326', 'N', 'N', '36.4', '2020-02-19');
INSERT INTO `stu_info` VALUES ('2017710326', 'N', 'N', '36.0', '2020-02-20');
INSERT INTO `stu_info` VALUES ('2017710326', 'N', 'N', '36.8', '2020-02-21');
INSERT INTO `stu_info` VALUES ('2017710326', 'N', 'N', '36.6', '2020-02-22');
INSERT INTO `stu_info` VALUES ('2017710326', 'N', 'N', '36.6', '2020-02-23');
INSERT INTO `stu_info` VALUES ('2017710326', 'N', 'N', '36.1', '2020-02-24');
INSERT INTO `stu_info` VALUES ('2017710326', 'N', 'N', '36.9', '2020-02-25');
INSERT INTO `stu_info` VALUES ('2017710326', 'N', 'N', '36.2', '2020-02-26');
INSERT INTO `stu_info` VALUES ('2017710326', 'N', 'N', '36.3', '2020-02-27');
INSERT INTO `stu_info` VALUES ('2017710326', 'N', 'N', '36.5', '2020-02-28');
INSERT INTO `stu_info` VALUES ('2017710326', 'N', 'N', '36.8', '2020-02-29');
INSERT INTO `stu_info` VALUES ('2017710326', 'N', 'N', '36.4', '2020-03-01');
INSERT INTO `stu_info` VALUES ('2017710326', 'N', 'N', '36.5', '2020-03-02');
INSERT INTO `stu_info` VALUES ('2017710326', 'N', 'N', '36.2', '2020-03-03');
INSERT INTO `stu_info` VALUES ('2017710326', 'N', 'N', '36.7', '2020-03-04');
INSERT INTO `stu_info` VALUES ('2017710326', 'N', 'N', '36.4', '2020-03-05');
INSERT INTO `stu_info` VALUES ('2017710326', 'N', 'N', '36.5', '2020-03-06');
INSERT INTO `stu_info` VALUES ('2017710326', 'N', 'N', '36.3', '2020-03-07');
INSERT INTO `stu_info` VALUES ('2017710326', 'N', 'N', '36.6', '2020-03-08');
INSERT INTO `stu_info` VALUES ('2017710326', 'N', 'N', '36.9', '2020-03-09');
INSERT INTO `stu_info` VALUES ('2017710326', 'N', 'N', '36.7', '2020-03-10');
INSERT INTO `stu_info` VALUES ('2017710326', 'N', 'N', '36.8', '2020-03-11');
INSERT INTO `stu_info` VALUES ('2017710326', 'N', 'N', '36.0', '2020-03-12');
INSERT INTO `stu_info` VALUES ('2017710326', 'N', 'N', '36.8', '2020-03-13');
INSERT INTO `stu_info` VALUES ('2017710326', 'N', 'N', '36.1', '2020-03-14');
INSERT INTO `stu_info` VALUES ('2017710327', 'N', 'N', '36.4', '2020-02-19');
INSERT INTO `stu_info` VALUES ('2017710327', 'N', 'N', '36.8', '2020-02-20');
INSERT INTO `stu_info` VALUES ('2017710327', 'N', 'N', '36.6', '2020-02-21');
INSERT INTO `stu_info` VALUES ('2017710327', 'N', 'N', '36.2', '2020-02-22');
INSERT INTO `stu_info` VALUES ('2017710327', 'N', 'N', '36.5', '2020-02-23');
INSERT INTO `stu_info` VALUES ('2017710327', 'N', 'N', '36.2', '2020-02-24');
INSERT INTO `stu_info` VALUES ('2017710327', 'N', 'N', '36.1', '2020-02-25');
INSERT INTO `stu_info` VALUES ('2017710327', 'N', 'N', '36.8', '2020-02-26');
INSERT INTO `stu_info` VALUES ('2017710327', 'N', 'N', '36.5', '2020-02-27');
INSERT INTO `stu_info` VALUES ('2017710327', 'N', 'N', '36.1', '2020-02-28');
INSERT INTO `stu_info` VALUES ('2017710327', 'N', 'N', '36.9', '2020-02-29');
INSERT INTO `stu_info` VALUES ('2017710327', 'N', 'N', '36.4', '2020-03-01');
INSERT INTO `stu_info` VALUES ('2017710327', 'N', 'N', '36.1', '2020-03-02');
INSERT INTO `stu_info` VALUES ('2017710327', 'N', 'N', '36.7', '2020-03-03');
INSERT INTO `stu_info` VALUES ('2017710327', 'N', 'N', '37.0', '2020-03-04');
INSERT INTO `stu_info` VALUES ('2017710327', 'N', 'N', '36.1', '2020-03-05');
INSERT INTO `stu_info` VALUES ('2017710327', 'N', 'N', '36.3', '2020-03-06');
INSERT INTO `stu_info` VALUES ('2017710327', 'N', 'N', '36.9', '2020-03-07');
INSERT INTO `stu_info` VALUES ('2017710327', 'N', 'N', '36.1', '2020-03-08');
INSERT INTO `stu_info` VALUES ('2017710327', 'N', 'N', '36.4', '2020-03-09');
INSERT INTO `stu_info` VALUES ('2017710327', 'N', 'N', '36.1', '2020-03-10');
INSERT INTO `stu_info` VALUES ('2017710327', 'N', 'N', '36.7', '2020-03-11');
INSERT INTO `stu_info` VALUES ('2017710327', 'N', 'N', '36.7', '2020-03-12');
INSERT INTO `stu_info` VALUES ('2017710327', 'N', 'N', '36.2', '2020-03-13');
INSERT INTO `stu_info` VALUES ('2017710328', 'N', 'N', '36.2', '2020-02-19');
INSERT INTO `stu_info` VALUES ('2017710328', 'N', 'N', '36.8', '2020-02-20');
INSERT INTO `stu_info` VALUES ('2017710328', 'N', 'N', '36.7', '2020-02-21');
INSERT INTO `stu_info` VALUES ('2017710328', 'N', 'N', '36.8', '2020-02-22');
INSERT INTO `stu_info` VALUES ('2017710328', 'N', 'N', '36.6', '2020-02-23');
INSERT INTO `stu_info` VALUES ('2017710328', 'N', 'N', '36.9', '2020-02-24');
INSERT INTO `stu_info` VALUES ('2017710328', 'N', 'N', '36.3', '2020-02-25');
INSERT INTO `stu_info` VALUES ('2017710328', 'N', 'N', '36.8', '2020-02-26');
INSERT INTO `stu_info` VALUES ('2017710328', 'N', 'N', '36.2', '2020-02-27');
INSERT INTO `stu_info` VALUES ('2017710328', 'N', 'N', '36.8', '2020-02-28');
INSERT INTO `stu_info` VALUES ('2017710328', 'N', 'N', '36.2', '2020-02-29');
INSERT INTO `stu_info` VALUES ('2017710328', 'N', 'N', '36.8', '2020-03-01');
INSERT INTO `stu_info` VALUES ('2017710328', 'N', 'N', '36.4', '2020-03-02');
INSERT INTO `stu_info` VALUES ('2017710328', 'N', 'N', '36.0', '2020-03-03');
INSERT INTO `stu_info` VALUES ('2017710328', 'N', 'N', '36.4', '2020-03-04');
INSERT INTO `stu_info` VALUES ('2017710328', 'N', 'N', '36.2', '2020-03-05');
INSERT INTO `stu_info` VALUES ('2017710328', 'N', 'N', '36.8', '2020-03-06');
INSERT INTO `stu_info` VALUES ('2017710328', 'N', 'N', '36.5', '2020-03-07');
INSERT INTO `stu_info` VALUES ('2017710328', 'N', 'N', '36.9', '2020-03-08');
INSERT INTO `stu_info` VALUES ('2017710328', 'N', 'N', '36.6', '2020-03-09');
INSERT INTO `stu_info` VALUES ('2017710328', 'N', 'N', '36.6', '2020-03-10');
INSERT INTO `stu_info` VALUES ('2017710328', 'N', 'N', '36.3', '2020-03-11');
INSERT INTO `stu_info` VALUES ('2017710328', 'N', 'N', '37.0', '2020-03-12');
INSERT INTO `stu_info` VALUES ('2017710328', 'N', 'N', '36.3', '2020-03-13');
INSERT INTO `stu_info` VALUES ('2017710329', 'N', 'N', '36.3', '2020-02-19');
INSERT INTO `stu_info` VALUES ('2017710329', 'N', 'N', '36.7', '2020-02-20');
INSERT INTO `stu_info` VALUES ('2017710329', 'N', 'N', '36.8', '2020-02-21');
INSERT INTO `stu_info` VALUES ('2017710329', 'N', 'N', '36.0', '2020-02-22');
INSERT INTO `stu_info` VALUES ('2017710329', 'N', 'N', '36.8', '2020-02-23');
INSERT INTO `stu_info` VALUES ('2017710329', 'N', 'N', '36.0', '2020-02-24');
INSERT INTO `stu_info` VALUES ('2017710329', 'N', 'N', '36.2', '2020-02-25');
INSERT INTO `stu_info` VALUES ('2017710329', 'N', 'N', '36.9', '2020-02-26');
INSERT INTO `stu_info` VALUES ('2017710329', 'N', 'N', '36.3', '2020-02-27');
INSERT INTO `stu_info` VALUES ('2017710329', 'N', 'N', '36.2', '2020-02-28');
INSERT INTO `stu_info` VALUES ('2017710329', 'N', 'N', '37.0', '2020-02-29');
INSERT INTO `stu_info` VALUES ('2017710329', 'N', 'N', '36.5', '2020-03-01');
INSERT INTO `stu_info` VALUES ('2017710329', 'N', 'N', '36.1', '2020-03-02');
INSERT INTO `stu_info` VALUES ('2017710329', 'N', 'N', '36.0', '2020-03-03');
INSERT INTO `stu_info` VALUES ('2017710329', 'N', 'N', '36.4', '2020-03-04');
INSERT INTO `stu_info` VALUES ('2017710329', 'N', 'N', '36.3', '2020-03-05');
INSERT INTO `stu_info` VALUES ('2017710329', 'N', 'N', '36.5', '2020-03-06');
INSERT INTO `stu_info` VALUES ('2017710329', 'N', 'N', '36.9', '2020-03-07');
INSERT INTO `stu_info` VALUES ('2017710329', 'N', 'N', '36.1', '2020-03-08');
INSERT INTO `stu_info` VALUES ('2017710329', 'N', 'N', '36.9', '2020-03-09');
INSERT INTO `stu_info` VALUES ('2017710329', 'N', 'N', '36.1', '2020-03-10');
INSERT INTO `stu_info` VALUES ('2017710329', 'N', 'N', '36.3', '2020-03-11');
INSERT INTO `stu_info` VALUES ('2017710329', 'N', 'N', '36.8', '2020-03-12');
INSERT INTO `stu_info` VALUES ('2017710329', 'N', 'N', '36.2', '2020-03-13');
INSERT INTO `stu_info` VALUES ('2017710330', 'N', 'N', '36.5', '2020-02-19');
INSERT INTO `stu_info` VALUES ('2017710330', 'N', 'N', '36.4', '2020-02-20');
INSERT INTO `stu_info` VALUES ('2017710330', 'N', 'N', '36.6', '2020-02-21');
INSERT INTO `stu_info` VALUES ('2017710330', 'N', 'N', '36.9', '2020-02-22');
INSERT INTO `stu_info` VALUES ('2017710330', 'N', 'N', '36.7', '2020-02-23');
INSERT INTO `stu_info` VALUES ('2017710330', 'N', 'N', '36.4', '2020-02-24');
INSERT INTO `stu_info` VALUES ('2017710330', 'N', 'N', '36.8', '2020-02-25');
INSERT INTO `stu_info` VALUES ('2017710330', 'N', 'N', '36.5', '2020-02-26');
INSERT INTO `stu_info` VALUES ('2017710330', 'N', 'N', '36.9', '2020-02-27');
INSERT INTO `stu_info` VALUES ('2017710330', 'N', 'N', '36.3', '2020-02-28');
INSERT INTO `stu_info` VALUES ('2017710330', 'N', 'N', '36.5', '2020-02-29');
INSERT INTO `stu_info` VALUES ('2017710330', 'N', 'N', '36.1', '2020-03-01');
INSERT INTO `stu_info` VALUES ('2017710330', 'N', 'N', '36.2', '2020-03-02');
INSERT INTO `stu_info` VALUES ('2017710330', 'N', 'N', '36.5', '2020-03-03');
INSERT INTO `stu_info` VALUES ('2017710330', 'N', 'N', '36.5', '2020-03-04');
INSERT INTO `stu_info` VALUES ('2017710330', 'N', 'N', '36.5', '2020-03-05');
INSERT INTO `stu_info` VALUES ('2017710330', 'N', 'N', '37.0', '2020-03-06');
INSERT INTO `stu_info` VALUES ('2017710330', 'N', 'N', '36.9', '2020-03-07');
INSERT INTO `stu_info` VALUES ('2017710330', 'N', 'N', '36.9', '2020-03-08');
INSERT INTO `stu_info` VALUES ('2017710330', 'N', 'N', '36.7', '2020-03-09');
INSERT INTO `stu_info` VALUES ('2017710330', 'N', 'N', '37.0', '2020-03-10');
INSERT INTO `stu_info` VALUES ('2017710330', 'N', 'N', '36.5', '2020-03-11');
INSERT INTO `stu_info` VALUES ('2017710330', 'N', 'N', '36.3', '2020-03-12');
INSERT INTO `stu_info` VALUES ('2017710330', 'N', 'N', '36.2', '2020-03-13');
INSERT INTO `stu_info` VALUES ('2017710331', 'N', 'N', '36.4', '2020-02-19');
INSERT INTO `stu_info` VALUES ('2017710331', 'N', 'N', '36.4', '2020-02-20');
INSERT INTO `stu_info` VALUES ('2017710331', 'N', 'N', '36.8', '2020-02-21');
INSERT INTO `stu_info` VALUES ('2017710331', 'N', 'N', '36.4', '2020-02-22');
INSERT INTO `stu_info` VALUES ('2017710331', 'N', 'N', '36.2', '2020-02-23');
INSERT INTO `stu_info` VALUES ('2017710331', 'N', 'N', '36.6', '2020-02-24');
INSERT INTO `stu_info` VALUES ('2017710331', 'N', 'N', '36.0', '2020-02-25');
INSERT INTO `stu_info` VALUES ('2017710331', 'N', 'N', '36.5', '2020-02-26');
INSERT INTO `stu_info` VALUES ('2017710331', 'N', 'N', '36.6', '2020-02-27');
INSERT INTO `stu_info` VALUES ('2017710331', 'N', 'N', '36.3', '2020-02-28');
INSERT INTO `stu_info` VALUES ('2017710331', 'N', 'N', '36.6', '2020-02-29');
INSERT INTO `stu_info` VALUES ('2017710331', 'N', 'N', '36.4', '2020-03-01');
INSERT INTO `stu_info` VALUES ('2017710331', 'N', 'N', '36.2', '2020-03-02');
INSERT INTO `stu_info` VALUES ('2017710331', 'N', 'N', '36.7', '2020-03-03');
INSERT INTO `stu_info` VALUES ('2017710331', 'N', 'N', '36.2', '2020-03-04');
INSERT INTO `stu_info` VALUES ('2017710331', 'N', 'N', '36.6', '2020-03-05');
INSERT INTO `stu_info` VALUES ('2017710331', 'N', 'N', '36.8', '2020-03-06');
INSERT INTO `stu_info` VALUES ('2017710331', 'N', 'N', '36.3', '2020-03-07');
INSERT INTO `stu_info` VALUES ('2017710331', 'N', 'N', '36.3', '2020-03-08');
INSERT INTO `stu_info` VALUES ('2017710331', 'N', 'N', '36.4', '2020-03-09');
INSERT INTO `stu_info` VALUES ('2017710331', 'N', 'N', '36.4', '2020-03-10');
INSERT INTO `stu_info` VALUES ('2017710331', 'N', 'N', '36.8', '2020-03-11');
INSERT INTO `stu_info` VALUES ('2017710331', 'N', 'N', '36.5', '2020-03-12');
INSERT INTO `stu_info` VALUES ('2017710331', 'N', 'N', '36.6', '2020-03-13');
INSERT INTO `stu_info` VALUES ('2017710331', 'N', 'N', '36.3', '2020-03-14');
INSERT INTO `stu_info` VALUES ('2017710332', 'N', 'N', '36.2', '2020-02-19');
INSERT INTO `stu_info` VALUES ('2017710332', 'N', 'N', '36.6', '2020-02-20');
INSERT INTO `stu_info` VALUES ('2017710332', 'N', 'N', '36.0', '2020-02-21');
INSERT INTO `stu_info` VALUES ('2017710332', 'N', 'N', '36.0', '2020-02-22');
INSERT INTO `stu_info` VALUES ('2017710332', 'N', 'N', '36.5', '2020-02-23');
INSERT INTO `stu_info` VALUES ('2017710332', 'N', 'N', '36.0', '2020-02-24');
INSERT INTO `stu_info` VALUES ('2017710332', 'N', 'N', '36.8', '2020-02-25');
INSERT INTO `stu_info` VALUES ('2017710332', 'N', 'N', '36.8', '2020-02-26');
INSERT INTO `stu_info` VALUES ('2017710332', 'N', 'N', '36.1', '2020-02-27');
INSERT INTO `stu_info` VALUES ('2017710332', 'N', 'N', '36.3', '2020-02-28');
INSERT INTO `stu_info` VALUES ('2017710332', 'N', 'N', '36.8', '2020-02-29');
INSERT INTO `stu_info` VALUES ('2017710332', 'N', 'N', '36.3', '2020-03-01');
INSERT INTO `stu_info` VALUES ('2017710332', 'N', 'N', '36.5', '2020-03-02');
INSERT INTO `stu_info` VALUES ('2017710332', 'N', 'N', '36.2', '2020-03-03');
INSERT INTO `stu_info` VALUES ('2017710332', 'N', 'N', '37.0', '2020-03-04');
INSERT INTO `stu_info` VALUES ('2017710332', 'N', 'N', '36.7', '2020-03-05');
INSERT INTO `stu_info` VALUES ('2017710332', 'N', 'N', '36.0', '2020-03-06');
INSERT INTO `stu_info` VALUES ('2017710332', 'N', 'N', '36.7', '2020-03-07');
INSERT INTO `stu_info` VALUES ('2017710332', 'N', 'N', '36.5', '2020-03-08');
INSERT INTO `stu_info` VALUES ('2017710332', 'N', 'N', '36.5', '2020-03-09');
INSERT INTO `stu_info` VALUES ('2017710332', 'N', 'N', '36.0', '2020-03-10');
INSERT INTO `stu_info` VALUES ('2017710332', 'N', 'N', '36.9', '2020-03-11');
INSERT INTO `stu_info` VALUES ('2017710332', 'N', 'N', '36.8', '2020-03-12');
INSERT INTO `stu_info` VALUES ('2017710332', 'N', 'N', '36.6', '2020-03-13');
INSERT INTO `stu_info` VALUES ('2017710333', 'N', 'N', '36.2', '2020-02-19');
INSERT INTO `stu_info` VALUES ('2017710333', 'N', 'N', '36.6', '2020-02-20');
INSERT INTO `stu_info` VALUES ('2017710333', 'N', 'N', '36.1', '2020-02-21');
INSERT INTO `stu_info` VALUES ('2017710333', 'N', 'N', '36.9', '2020-02-22');
INSERT INTO `stu_info` VALUES ('2017710333', 'N', 'N', '36.3', '2020-02-23');
INSERT INTO `stu_info` VALUES ('2017710333', 'N', 'N', '36.4', '2020-02-24');
INSERT INTO `stu_info` VALUES ('2017710333', 'N', 'N', '37.0', '2020-02-25');
INSERT INTO `stu_info` VALUES ('2017710333', 'N', 'N', '36.3', '2020-02-26');
INSERT INTO `stu_info` VALUES ('2017710333', 'N', 'N', '36.3', '2020-02-27');
INSERT INTO `stu_info` VALUES ('2017710333', 'N', 'N', '36.6', '2020-02-28');
INSERT INTO `stu_info` VALUES ('2017710333', 'N', 'N', '36.5', '2020-02-29');
INSERT INTO `stu_info` VALUES ('2017710333', 'N', 'N', '36.6', '2020-03-01');
INSERT INTO `stu_info` VALUES ('2017710333', 'N', 'N', '36.8', '2020-03-02');
INSERT INTO `stu_info` VALUES ('2017710333', 'N', 'N', '36.4', '2020-03-03');
INSERT INTO `stu_info` VALUES ('2017710333', 'N', 'N', '36.6', '2020-03-04');
INSERT INTO `stu_info` VALUES ('2017710333', 'N', 'N', '36.3', '2020-03-05');
INSERT INTO `stu_info` VALUES ('2017710333', 'N', 'N', '36.6', '2020-03-06');
INSERT INTO `stu_info` VALUES ('2017710333', 'N', 'N', '36.4', '2020-03-07');
INSERT INTO `stu_info` VALUES ('2017710333', 'N', 'N', '36.6', '2020-03-08');
INSERT INTO `stu_info` VALUES ('2017710333', 'N', 'N', '36.5', '2020-03-09');
INSERT INTO `stu_info` VALUES ('2017710333', 'N', 'N', '36.1', '2020-03-10');
INSERT INTO `stu_info` VALUES ('2017710333', 'N', 'N', '36.4', '2020-03-11');
INSERT INTO `stu_info` VALUES ('2017710333', 'N', 'N', '36.9', '2020-03-12');
INSERT INTO `stu_info` VALUES ('2017710333', 'N', 'N', '36.1', '2020-03-13');
INSERT INTO `stu_info` VALUES ('2017710334', 'N', 'N', '36.0', '2020-02-19');
INSERT INTO `stu_info` VALUES ('2017710334', 'N', 'N', '36.9', '2020-02-20');
INSERT INTO `stu_info` VALUES ('2017710334', 'N', 'N', '36.0', '2020-02-21');
INSERT INTO `stu_info` VALUES ('2017710334', 'N', 'N', '36.6', '2020-02-22');
INSERT INTO `stu_info` VALUES ('2017710334', 'N', 'N', '36.7', '2020-02-23');
INSERT INTO `stu_info` VALUES ('2017710334', 'N', 'N', '36.1', '2020-02-24');
INSERT INTO `stu_info` VALUES ('2017710334', 'N', 'N', '36.6', '2020-02-25');
INSERT INTO `stu_info` VALUES ('2017710334', 'N', 'N', '36.0', '2020-02-26');
INSERT INTO `stu_info` VALUES ('2017710334', 'N', 'N', '36.4', '2020-02-27');
INSERT INTO `stu_info` VALUES ('2017710334', 'N', 'N', '36.6', '2020-02-28');
INSERT INTO `stu_info` VALUES ('2017710334', 'N', 'N', '36.9', '2020-02-29');
INSERT INTO `stu_info` VALUES ('2017710334', 'N', 'N', '36.6', '2020-03-01');
INSERT INTO `stu_info` VALUES ('2017710334', 'N', 'N', '36.6', '2020-03-02');
INSERT INTO `stu_info` VALUES ('2017710334', 'N', 'N', '36.2', '2020-03-03');
INSERT INTO `stu_info` VALUES ('2017710334', 'N', 'N', '36.3', '2020-03-04');
INSERT INTO `stu_info` VALUES ('2017710334', 'N', 'N', '36.1', '2020-03-05');
INSERT INTO `stu_info` VALUES ('2017710334', 'N', 'N', '36.4', '2020-03-06');
INSERT INTO `stu_info` VALUES ('2017710334', 'N', 'N', '36.6', '2020-03-07');
INSERT INTO `stu_info` VALUES ('2017710334', 'N', 'N', '36.3', '2020-03-08');
INSERT INTO `stu_info` VALUES ('2017710334', 'N', 'N', '36.7', '2020-03-09');
INSERT INTO `stu_info` VALUES ('2017710334', 'N', 'N', '36.6', '2020-03-10');
INSERT INTO `stu_info` VALUES ('2017710334', 'N', 'N', '36.8', '2020-03-11');
INSERT INTO `stu_info` VALUES ('2017710334', 'N', 'N', '36.3', '2020-03-12');
INSERT INTO `stu_info` VALUES ('2017710334', 'N', 'N', '36.3', '2020-03-13');
INSERT INTO `stu_info` VALUES ('2017710335', 'N', 'N', '36.4', '2020-02-19');
INSERT INTO `stu_info` VALUES ('2017710335', 'N', 'N', '36.1', '2020-02-20');
INSERT INTO `stu_info` VALUES ('2017710335', 'N', 'N', '36.5', '2020-02-21');
INSERT INTO `stu_info` VALUES ('2017710335', 'N', 'N', '36.3', '2020-02-22');
INSERT INTO `stu_info` VALUES ('2017710335', 'N', 'N', '36.8', '2020-02-23');
INSERT INTO `stu_info` VALUES ('2017710335', 'N', 'N', '36.3', '2020-02-24');
INSERT INTO `stu_info` VALUES ('2017710335', 'N', 'N', '36.4', '2020-02-25');
INSERT INTO `stu_info` VALUES ('2017710335', 'N', 'N', '37.0', '2020-02-26');
INSERT INTO `stu_info` VALUES ('2017710335', 'N', 'N', '36.4', '2020-02-27');
INSERT INTO `stu_info` VALUES ('2017710335', 'N', 'N', '36.1', '2020-02-28');
INSERT INTO `stu_info` VALUES ('2017710335', 'N', 'N', '36.5', '2020-02-29');
INSERT INTO `stu_info` VALUES ('2017710335', 'N', 'N', '36.9', '2020-03-01');
INSERT INTO `stu_info` VALUES ('2017710335', 'N', 'N', '36.5', '2020-03-02');
INSERT INTO `stu_info` VALUES ('2017710335', 'N', 'N', '36.3', '2020-03-03');
INSERT INTO `stu_info` VALUES ('2017710335', 'N', 'N', '36.9', '2020-03-04');
INSERT INTO `stu_info` VALUES ('2017710335', 'N', 'N', '36.3', '2020-03-05');
INSERT INTO `stu_info` VALUES ('2017710335', 'N', 'N', '36.9', '2020-03-06');
INSERT INTO `stu_info` VALUES ('2017710335', 'N', 'N', '36.2', '2020-03-07');
INSERT INTO `stu_info` VALUES ('2017710335', 'N', 'N', '36.8', '2020-03-08');
INSERT INTO `stu_info` VALUES ('2017710335', 'N', 'N', '36.3', '2020-03-09');
INSERT INTO `stu_info` VALUES ('2017710335', 'N', 'N', '36.1', '2020-03-10');
INSERT INTO `stu_info` VALUES ('2017710335', 'N', 'N', '36.7', '2020-03-11');
INSERT INTO `stu_info` VALUES ('2017710335', 'N', 'N', '36.9', '2020-03-12');
INSERT INTO `stu_info` VALUES ('2017710335', 'N', 'N', '36.6', '2020-03-13');
INSERT INTO `stu_info` VALUES ('2017710336', 'N', 'N', '36.9', '2020-02-19');
INSERT INTO `stu_info` VALUES ('2017710336', 'N', 'N', '36.7', '2020-02-20');
INSERT INTO `stu_info` VALUES ('2017710336', 'N', 'N', '36.7', '2020-02-21');
INSERT INTO `stu_info` VALUES ('2017710336', 'N', 'N', '36.6', '2020-02-22');
INSERT INTO `stu_info` VALUES ('2017710336', 'N', 'N', '36.6', '2020-02-23');
INSERT INTO `stu_info` VALUES ('2017710336', 'N', 'N', '36.8', '2020-02-24');
INSERT INTO `stu_info` VALUES ('2017710336', 'N', 'N', '36.8', '2020-02-25');
INSERT INTO `stu_info` VALUES ('2017710336', 'N', 'N', '36.2', '2020-02-26');
INSERT INTO `stu_info` VALUES ('2017710336', 'N', 'N', '36.2', '2020-02-27');
INSERT INTO `stu_info` VALUES ('2017710336', 'N', 'N', '36.1', '2020-02-28');
INSERT INTO `stu_info` VALUES ('2017710336', 'N', 'N', '36.1', '2020-02-29');
INSERT INTO `stu_info` VALUES ('2017710336', 'N', 'N', '36.4', '2020-03-01');
INSERT INTO `stu_info` VALUES ('2017710336', 'N', 'N', '36.6', '2020-03-02');
INSERT INTO `stu_info` VALUES ('2017710336', 'N', 'N', '36.8', '2020-03-03');
INSERT INTO `stu_info` VALUES ('2017710336', 'N', 'N', '36.8', '2020-03-04');
INSERT INTO `stu_info` VALUES ('2017710336', 'N', 'N', '36.7', '2020-03-05');
INSERT INTO `stu_info` VALUES ('2017710336', 'N', 'N', '36.4', '2020-03-06');
INSERT INTO `stu_info` VALUES ('2017710336', 'N', 'N', '37.0', '2020-03-07');
INSERT INTO `stu_info` VALUES ('2017710336', 'N', 'N', '36.4', '2020-03-08');
INSERT INTO `stu_info` VALUES ('2017710336', 'N', 'N', '36.8', '2020-03-09');
INSERT INTO `stu_info` VALUES ('2017710336', 'N', 'N', '36.0', '2020-03-10');
INSERT INTO `stu_info` VALUES ('2017710336', 'N', 'N', '36.5', '2020-03-11');
INSERT INTO `stu_info` VALUES ('2017710336', 'N', 'N', '36.4', '2020-03-12');
INSERT INTO `stu_info` VALUES ('2017710336', 'N', 'N', '36.8', '2020-03-13');
INSERT INTO `stu_info` VALUES ('2017710337', 'N', 'N', '36.3', '2020-02-19');
INSERT INTO `stu_info` VALUES ('2017710337', 'N', 'N', '36.6', '2020-02-20');
INSERT INTO `stu_info` VALUES ('2017710337', 'N', 'N', '36.1', '2020-02-21');
INSERT INTO `stu_info` VALUES ('2017710337', 'N', 'N', '36.9', '2020-02-22');
INSERT INTO `stu_info` VALUES ('2017710337', 'N', 'N', '37.0', '2020-02-23');
INSERT INTO `stu_info` VALUES ('2017710337', 'N', 'N', '36.6', '2020-02-24');
INSERT INTO `stu_info` VALUES ('2017710337', 'Y', 'Y', '37.7', '2020-02-25');
INSERT INTO `stu_info` VALUES ('2017710337', 'Y', 'Y', '37.8', '2020-02-26');
INSERT INTO `stu_info` VALUES ('2017710337', 'Y', 'Y', '38.0', '2020-02-27');
INSERT INTO `stu_info` VALUES ('2017710337', 'Y', 'Y', '36.1', '2020-02-28');
INSERT INTO `stu_info` VALUES ('2017710337', 'Y', 'Y', '36.1', '2020-02-29');
INSERT INTO `stu_info` VALUES ('2017710337', 'Y', 'Y', '36.7', '2020-03-01');
INSERT INTO `stu_info` VALUES ('2017710337', 'N', 'N', '36.9', '2020-03-02');
INSERT INTO `stu_info` VALUES ('2017710337', 'N', 'N', '36.1', '2020-03-03');
INSERT INTO `stu_info` VALUES ('2017710337', 'N', 'N', '36.6', '2020-03-04');
INSERT INTO `stu_info` VALUES ('2017710337', 'N', 'N', '36.3', '2020-03-05');
INSERT INTO `stu_info` VALUES ('2017710337', 'N', 'N', '36.7', '2020-03-06');
INSERT INTO `stu_info` VALUES ('2017710337', 'N', 'N', '36.3', '2020-03-07');
INSERT INTO `stu_info` VALUES ('2017710337', 'N', 'N', '36.1', '2020-03-08');
INSERT INTO `stu_info` VALUES ('2017710337', 'N', 'N', '36.1', '2020-03-09');
INSERT INTO `stu_info` VALUES ('2017710337', 'N', 'N', '36.4', '2020-03-10');
INSERT INTO `stu_info` VALUES ('2017710337', 'N', 'N', '36.3', '2020-03-11');
INSERT INTO `stu_info` VALUES ('2017710337', 'N', 'N', '36.4', '2020-03-12');
INSERT INTO `stu_info` VALUES ('2017710337', 'N', 'N', '36.6', '2020-03-13');
INSERT INTO `stu_info` VALUES ('2017710338', 'N', 'N', '36.5', '2020-02-19');
INSERT INTO `stu_info` VALUES ('2017710338', 'N', 'N', '36.4', '2020-02-20');
INSERT INTO `stu_info` VALUES ('2017710338', 'N', 'N', '36.7', '2020-02-21');
INSERT INTO `stu_info` VALUES ('2017710338', 'N', 'N', '36.7', '2020-02-22');
INSERT INTO `stu_info` VALUES ('2017710338', 'N', 'N', '36.6', '2020-02-23');
INSERT INTO `stu_info` VALUES ('2017710338', 'N', 'N', '36.4', '2020-02-24');
INSERT INTO `stu_info` VALUES ('2017710338', 'N', 'N', '36.1', '2020-02-25');
INSERT INTO `stu_info` VALUES ('2017710338', 'N', 'N', '36.7', '2020-02-26');
INSERT INTO `stu_info` VALUES ('2017710338', 'N', 'N', '36.6', '2020-02-27');
INSERT INTO `stu_info` VALUES ('2017710338', 'N', 'N', '36.2', '2020-02-28');
INSERT INTO `stu_info` VALUES ('2017710338', 'N', 'N', '36.5', '2020-02-29');
INSERT INTO `stu_info` VALUES ('2017710338', 'N', 'N', '36.9', '2020-03-01');
INSERT INTO `stu_info` VALUES ('2017710338', 'N', 'N', '36.8', '2020-03-02');
INSERT INTO `stu_info` VALUES ('2017710338', 'N', 'N', '36.6', '2020-03-03');
INSERT INTO `stu_info` VALUES ('2017710338', 'N', 'N', '36.9', '2020-03-04');
INSERT INTO `stu_info` VALUES ('2017710338', 'N', 'N', '36.0', '2020-03-05');
INSERT INTO `stu_info` VALUES ('2017710338', 'N', 'N', '36.5', '2020-03-06');
INSERT INTO `stu_info` VALUES ('2017710338', 'N', 'N', '36.8', '2020-03-07');
INSERT INTO `stu_info` VALUES ('2017710338', 'N', 'N', '36.7', '2020-03-08');
INSERT INTO `stu_info` VALUES ('2017710338', 'N', 'N', '36.3', '2020-03-09');
INSERT INTO `stu_info` VALUES ('2017710338', 'N', 'N', '36.8', '2020-03-10');
INSERT INTO `stu_info` VALUES ('2017710338', 'N', 'N', '36.8', '2020-03-11');
INSERT INTO `stu_info` VALUES ('2017710338', 'N', 'N', '36.3', '2020-03-12');
INSERT INTO `stu_info` VALUES ('2017710338', 'N', 'N', '36.7', '2020-03-13');
INSERT INTO `stu_info` VALUES ('2017710339', 'N', 'N', '36.1', '2020-02-19');
INSERT INTO `stu_info` VALUES ('2017710339', 'N', 'N', '36.2', '2020-02-20');
INSERT INTO `stu_info` VALUES ('2017710339', 'N', 'N', '37.0', '2020-02-21');
INSERT INTO `stu_info` VALUES ('2017710339', 'N', 'N', '36.3', '2020-02-22');
INSERT INTO `stu_info` VALUES ('2017710339', 'N', 'N', '37.0', '2020-02-23');
INSERT INTO `stu_info` VALUES ('2017710339', 'N', 'N', '36.2', '2020-02-24');
INSERT INTO `stu_info` VALUES ('2017710339', 'N', 'N', '36.4', '2020-02-25');
INSERT INTO `stu_info` VALUES ('2017710339', 'N', 'N', '36.9', '2020-02-26');
INSERT INTO `stu_info` VALUES ('2017710339', 'N', 'N', '36.5', '2020-02-27');
INSERT INTO `stu_info` VALUES ('2017710339', 'N', 'N', '36.6', '2020-02-28');
INSERT INTO `stu_info` VALUES ('2017710339', 'N', 'N', '36.6', '2020-02-29');
INSERT INTO `stu_info` VALUES ('2017710339', 'N', 'N', '36.0', '2020-03-01');
INSERT INTO `stu_info` VALUES ('2017710339', 'N', 'N', '36.8', '2020-03-02');
INSERT INTO `stu_info` VALUES ('2017710339', 'N', 'N', '36.7', '2020-03-03');
INSERT INTO `stu_info` VALUES ('2017710339', 'N', 'N', '36.6', '2020-03-04');
INSERT INTO `stu_info` VALUES ('2017710339', 'N', 'N', '36.9', '2020-03-05');
INSERT INTO `stu_info` VALUES ('2017710339', 'N', 'N', '36.8', '2020-03-06');
INSERT INTO `stu_info` VALUES ('2017710339', 'N', 'N', '36.1', '2020-03-07');
INSERT INTO `stu_info` VALUES ('2017710339', 'N', 'N', '36.3', '2020-03-08');
INSERT INTO `stu_info` VALUES ('2017710339', 'N', 'N', '36.3', '2020-03-09');
INSERT INTO `stu_info` VALUES ('2017710339', 'N', 'N', '36.4', '2020-03-10');
INSERT INTO `stu_info` VALUES ('2017710339', 'N', 'N', '36.1', '2020-03-11');
INSERT INTO `stu_info` VALUES ('2017710339', 'N', 'N', '36.2', '2020-03-12');
INSERT INTO `stu_info` VALUES ('2017710339', 'N', 'N', '36.2', '2020-03-13');
INSERT INTO `stu_info` VALUES ('2017710340', 'N', 'N', '36.0', '2020-02-19');
INSERT INTO `stu_info` VALUES ('2017710340', 'N', 'N', '36.9', '2020-02-20');
INSERT INTO `stu_info` VALUES ('2017710340', 'N', 'N', '36.7', '2020-02-21');
INSERT INTO `stu_info` VALUES ('2017710340', 'N', 'N', '36.3', '2020-02-22');
INSERT INTO `stu_info` VALUES ('2017710340', 'N', 'N', '36.9', '2020-02-23');
INSERT INTO `stu_info` VALUES ('2017710340', 'N', 'N', '36.8', '2020-02-24');
INSERT INTO `stu_info` VALUES ('2017710340', 'N', 'N', '36.7', '2020-02-25');
INSERT INTO `stu_info` VALUES ('2017710340', 'N', 'N', '36.9', '2020-02-26');
INSERT INTO `stu_info` VALUES ('2017710340', 'N', 'N', '36.1', '2020-02-27');
INSERT INTO `stu_info` VALUES ('2017710340', 'N', 'N', '36.6', '2020-02-28');
INSERT INTO `stu_info` VALUES ('2017710340', 'N', 'N', '36.1', '2020-02-29');
INSERT INTO `stu_info` VALUES ('2017710340', 'N', 'N', '36.2', '2020-03-01');
INSERT INTO `stu_info` VALUES ('2017710340', 'N', 'N', '36.6', '2020-03-02');
INSERT INTO `stu_info` VALUES ('2017710340', 'N', 'N', '36.5', '2020-03-03');
INSERT INTO `stu_info` VALUES ('2017710340', 'N', 'N', '36.1', '2020-03-04');
INSERT INTO `stu_info` VALUES ('2017710340', 'N', 'N', '36.9', '2020-03-05');
INSERT INTO `stu_info` VALUES ('2017710340', 'N', 'N', '36.6', '2020-03-06');
INSERT INTO `stu_info` VALUES ('2017710340', 'N', 'N', '36.5', '2020-03-07');
INSERT INTO `stu_info` VALUES ('2017710340', 'N', 'N', '36.6', '2020-03-08');
INSERT INTO `stu_info` VALUES ('2017710340', 'N', 'N', '36.1', '2020-03-09');
INSERT INTO `stu_info` VALUES ('2017710340', 'N', 'N', '37.0', '2020-03-10');
INSERT INTO `stu_info` VALUES ('2017710340', 'N', 'N', '36.6', '2020-03-11');
INSERT INTO `stu_info` VALUES ('2017710340', 'N', 'N', '36.1', '2020-03-12');
INSERT INTO `stu_info` VALUES ('2017710340', 'N', 'N', '36.3', '2020-03-13');
INSERT INTO `stu_info` VALUES ('2017710341', 'N', 'N', '36.4', '2020-02-19');
INSERT INTO `stu_info` VALUES ('2017710341', 'N', 'N', '36.1', '2020-02-20');
INSERT INTO `stu_info` VALUES ('2017710341', 'N', 'N', '36.3', '2020-02-21');
INSERT INTO `stu_info` VALUES ('2017710341', 'N', 'N', '36.2', '2020-02-22');
INSERT INTO `stu_info` VALUES ('2017710341', 'N', 'N', '36.0', '2020-02-23');
INSERT INTO `stu_info` VALUES ('2017710341', 'N', 'N', '36.7', '2020-02-24');
INSERT INTO `stu_info` VALUES ('2017710341', 'N', 'N', '36.1', '2020-02-25');
INSERT INTO `stu_info` VALUES ('2017710341', 'N', 'N', '36.4', '2020-02-26');
INSERT INTO `stu_info` VALUES ('2017710341', 'N', 'N', '36.4', '2020-02-27');
INSERT INTO `stu_info` VALUES ('2017710341', 'N', 'N', '36.3', '2020-02-28');
INSERT INTO `stu_info` VALUES ('2017710341', 'N', 'N', '36.2', '2020-02-29');
INSERT INTO `stu_info` VALUES ('2017710341', 'N', 'N', '36.3', '2020-03-01');
INSERT INTO `stu_info` VALUES ('2017710341', 'N', 'N', '36.0', '2020-03-02');
INSERT INTO `stu_info` VALUES ('2017710341', 'N', 'N', '36.7', '2020-03-03');
INSERT INTO `stu_info` VALUES ('2017710341', 'N', 'N', '36.9', '2020-03-04');
INSERT INTO `stu_info` VALUES ('2017710341', 'N', 'N', '36.1', '2020-03-05');
INSERT INTO `stu_info` VALUES ('2017710341', 'N', 'N', '36.9', '2020-03-06');
INSERT INTO `stu_info` VALUES ('2017710341', 'N', 'N', '36.1', '2020-03-07');
INSERT INTO `stu_info` VALUES ('2017710341', 'N', 'N', '36.9', '2020-03-08');
INSERT INTO `stu_info` VALUES ('2017710341', 'N', 'N', '36.9', '2020-03-09');
INSERT INTO `stu_info` VALUES ('2017710341', 'N', 'N', '36.5', '2020-03-10');
INSERT INTO `stu_info` VALUES ('2017710341', 'N', 'N', '36.0', '2020-03-11');
INSERT INTO `stu_info` VALUES ('2017710341', 'N', 'N', '36.6', '2020-03-12');
INSERT INTO `stu_info` VALUES ('2017710341', 'N', 'N', '36.8', '2020-03-13');
INSERT INTO `stu_info` VALUES ('2017710342', 'N', 'N', '36.5', '2020-02-19');
INSERT INTO `stu_info` VALUES ('2017710342', 'N', 'N', '36.4', '2020-02-20');
INSERT INTO `stu_info` VALUES ('2017710342', 'N', 'N', '36.5', '2020-02-21');
INSERT INTO `stu_info` VALUES ('2017710342', 'N', 'N', '36.2', '2020-02-22');
INSERT INTO `stu_info` VALUES ('2017710342', 'N', 'N', '36.4', '2020-02-23');
INSERT INTO `stu_info` VALUES ('2017710342', 'N', 'N', '36.0', '2020-02-24');
INSERT INTO `stu_info` VALUES ('2017710342', 'N', 'N', '36.9', '2020-02-25');
INSERT INTO `stu_info` VALUES ('2017710342', 'N', 'N', '36.6', '2020-02-26');
INSERT INTO `stu_info` VALUES ('2017710342', 'N', 'N', '36.7', '2020-02-27');
INSERT INTO `stu_info` VALUES ('2017710342', 'N', 'N', '36.5', '2020-02-28');
INSERT INTO `stu_info` VALUES ('2017710342', 'N', 'N', '36.1', '2020-02-29');
INSERT INTO `stu_info` VALUES ('2017710342', 'N', 'N', '36.7', '2020-03-01');
INSERT INTO `stu_info` VALUES ('2017710342', 'N', 'N', '36.1', '2020-03-02');
INSERT INTO `stu_info` VALUES ('2017710342', 'N', 'N', '36.8', '2020-03-03');
INSERT INTO `stu_info` VALUES ('2017710342', 'N', 'N', '36.1', '2020-03-04');
INSERT INTO `stu_info` VALUES ('2017710342', 'N', 'N', '36.0', '2020-03-05');
INSERT INTO `stu_info` VALUES ('2017710342', 'N', 'N', '36.2', '2020-03-06');
INSERT INTO `stu_info` VALUES ('2017710342', 'N', 'N', '36.6', '2020-03-07');
INSERT INTO `stu_info` VALUES ('2017710342', 'N', 'N', '36.9', '2020-03-08');
INSERT INTO `stu_info` VALUES ('2017710342', 'N', 'N', '36.3', '2020-03-09');
INSERT INTO `stu_info` VALUES ('2017710342', 'N', 'N', '36.2', '2020-03-10');
INSERT INTO `stu_info` VALUES ('2017710342', 'N', 'N', '36.3', '2020-03-11');
INSERT INTO `stu_info` VALUES ('2017710342', 'N', 'N', '36.8', '2020-03-12');
INSERT INTO `stu_info` VALUES ('2017710342', 'N', 'N', '36.7', '2020-03-13');
INSERT INTO `stu_info` VALUES ('2017710343', 'N', 'N', '36.5', '2020-02-19');
INSERT INTO `stu_info` VALUES ('2017710343', 'N', 'N', '36.7', '2020-02-20');
INSERT INTO `stu_info` VALUES ('2017710343', 'N', 'N', '36.3', '2020-02-21');
INSERT INTO `stu_info` VALUES ('2017710343', 'N', 'N', '36.4', '2020-02-22');
INSERT INTO `stu_info` VALUES ('2017710343', 'N', 'N', '36.7', '2020-02-23');
INSERT INTO `stu_info` VALUES ('2017710343', 'N', 'N', '36.9', '2020-02-24');
INSERT INTO `stu_info` VALUES ('2017710343', 'N', 'N', '36.8', '2020-02-25');
INSERT INTO `stu_info` VALUES ('2017710343', 'N', 'N', '36.5', '2020-02-26');
INSERT INTO `stu_info` VALUES ('2017710343', 'N', 'N', '36.1', '2020-02-27');
INSERT INTO `stu_info` VALUES ('2017710343', 'N', 'N', '36.7', '2020-02-28');
INSERT INTO `stu_info` VALUES ('2017710343', 'N', 'N', '36.3', '2020-02-29');
INSERT INTO `stu_info` VALUES ('2017710343', 'N', 'N', '36.1', '2020-03-01');
INSERT INTO `stu_info` VALUES ('2017710343', 'N', 'N', '36.8', '2020-03-02');
INSERT INTO `stu_info` VALUES ('2017710343', 'N', 'N', '36.3', '2020-03-03');
INSERT INTO `stu_info` VALUES ('2017710343', 'N', 'N', '36.7', '2020-03-04');
INSERT INTO `stu_info` VALUES ('2017710343', 'N', 'N', '36.3', '2020-03-05');
INSERT INTO `stu_info` VALUES ('2017710343', 'N', 'N', '36.8', '2020-03-06');
INSERT INTO `stu_info` VALUES ('2017710343', 'N', 'N', '36.9', '2020-03-07');
INSERT INTO `stu_info` VALUES ('2017710343', 'N', 'N', '36.3', '2020-03-08');
INSERT INTO `stu_info` VALUES ('2017710343', 'N', 'N', '36.2', '2020-03-09');
INSERT INTO `stu_info` VALUES ('2017710343', 'N', 'N', '36.1', '2020-03-10');
INSERT INTO `stu_info` VALUES ('2017710343', 'N', 'N', '36.1', '2020-03-11');
INSERT INTO `stu_info` VALUES ('2017710343', 'N', 'N', '36.4', '2020-03-12');
INSERT INTO `stu_info` VALUES ('2017710343', 'N', 'N', '36.2', '2020-03-13');
INSERT INTO `stu_info` VALUES ('2017710344', 'N', 'N', '36.5', '2020-02-19');
INSERT INTO `stu_info` VALUES ('2017710344', 'N', 'N', '36.2', '2020-02-20');
INSERT INTO `stu_info` VALUES ('2017710344', 'N', 'N', '36.3', '2020-02-21');
INSERT INTO `stu_info` VALUES ('2017710344', 'N', 'N', '37.0', '2020-02-22');
INSERT INTO `stu_info` VALUES ('2017710344', 'N', 'N', '37.0', '2020-02-23');
INSERT INTO `stu_info` VALUES ('2017710344', 'N', 'N', '36.0', '2020-02-24');
INSERT INTO `stu_info` VALUES ('2017710344', 'N', 'N', '36.7', '2020-02-25');
INSERT INTO `stu_info` VALUES ('2017710344', 'N', 'N', '36.9', '2020-02-26');
INSERT INTO `stu_info` VALUES ('2017710344', 'N', 'N', '36.8', '2020-02-27');
INSERT INTO `stu_info` VALUES ('2017710344', 'N', 'N', '36.2', '2020-02-28');
INSERT INTO `stu_info` VALUES ('2017710344', 'N', 'N', '36.3', '2020-02-29');
INSERT INTO `stu_info` VALUES ('2017710344', 'N', 'N', '36.2', '2020-03-01');
INSERT INTO `stu_info` VALUES ('2017710344', 'N', 'N', '36.0', '2020-03-02');
INSERT INTO `stu_info` VALUES ('2017710344', 'N', 'N', '36.8', '2020-03-03');
INSERT INTO `stu_info` VALUES ('2017710344', 'N', 'N', '36.4', '2020-03-04');
INSERT INTO `stu_info` VALUES ('2017710344', 'N', 'N', '36.0', '2020-03-05');
INSERT INTO `stu_info` VALUES ('2017710344', 'N', 'N', '36.9', '2020-03-06');
INSERT INTO `stu_info` VALUES ('2017710344', 'N', 'N', '36.2', '2020-03-07');
INSERT INTO `stu_info` VALUES ('2017710344', 'N', 'N', '36.2', '2020-03-08');
INSERT INTO `stu_info` VALUES ('2017710344', 'N', 'N', '36.1', '2020-03-09');
INSERT INTO `stu_info` VALUES ('2017710344', 'N', 'N', '36.7', '2020-03-10');
INSERT INTO `stu_info` VALUES ('2017710344', 'N', 'N', '36.1', '2020-03-11');
INSERT INTO `stu_info` VALUES ('2017710344', 'N', 'N', '36.9', '2020-03-12');
INSERT INTO `stu_info` VALUES ('2017710344', 'N', 'N', '36.3', '2020-03-13');
INSERT INTO `stu_info` VALUES ('2017710345', 'N', 'N', '36.5', '2020-02-19');
INSERT INTO `stu_info` VALUES ('2017710345', 'N', 'N', '36.3', '2020-02-20');
INSERT INTO `stu_info` VALUES ('2017710345', 'N', 'N', '36.9', '2020-02-21');
INSERT INTO `stu_info` VALUES ('2017710345', 'N', 'N', '36.0', '2020-02-22');
INSERT INTO `stu_info` VALUES ('2017710345', 'N', 'N', '36.0', '2020-02-23');
INSERT INTO `stu_info` VALUES ('2017710345', 'N', 'N', '36.0', '2020-02-24');
INSERT INTO `stu_info` VALUES ('2017710345', 'N', 'N', '36.1', '2020-02-25');
INSERT INTO `stu_info` VALUES ('2017710345', 'N', 'N', '36.3', '2020-02-26');
INSERT INTO `stu_info` VALUES ('2017710345', 'N', 'N', '36.5', '2020-02-27');
INSERT INTO `stu_info` VALUES ('2017710345', 'N', 'N', '36.3', '2020-02-28');
INSERT INTO `stu_info` VALUES ('2017710345', 'N', 'N', '36.7', '2020-02-29');
INSERT INTO `stu_info` VALUES ('2017710345', 'N', 'N', '36.9', '2020-03-01');
INSERT INTO `stu_info` VALUES ('2017710345', 'N', 'N', '36.8', '2020-03-02');
INSERT INTO `stu_info` VALUES ('2017710345', 'N', 'N', '36.6', '2020-03-03');
INSERT INTO `stu_info` VALUES ('2017710345', 'N', 'N', '36.6', '2020-03-04');
INSERT INTO `stu_info` VALUES ('2017710345', 'N', 'N', '36.4', '2020-03-05');
INSERT INTO `stu_info` VALUES ('2017710345', 'N', 'N', '36.6', '2020-03-06');
INSERT INTO `stu_info` VALUES ('2017710345', 'N', 'N', '36.0', '2020-03-07');
INSERT INTO `stu_info` VALUES ('2017710345', 'N', 'N', '36.5', '2020-03-08');
INSERT INTO `stu_info` VALUES ('2017710345', 'N', 'N', '36.4', '2020-03-09');
INSERT INTO `stu_info` VALUES ('2017710345', 'N', 'N', '36.5', '2020-03-10');
INSERT INTO `stu_info` VALUES ('2017710345', 'N', 'N', '36.7', '2020-03-11');
INSERT INTO `stu_info` VALUES ('2017710345', 'N', 'N', '36.1', '2020-03-12');
INSERT INTO `stu_info` VALUES ('2017710345', 'N', 'N', '36.3', '2020-03-13');
INSERT INTO `stu_info` VALUES ('2017710346', 'N', 'N', '36.4', '2020-02-19');
INSERT INTO `stu_info` VALUES ('2017710346', 'N', 'N', '36.5', '2020-02-20');
INSERT INTO `stu_info` VALUES ('2017710346', 'N', 'N', '36.4', '2020-02-21');
INSERT INTO `stu_info` VALUES ('2017710346', 'N', 'N', '36.5', '2020-02-22');
INSERT INTO `stu_info` VALUES ('2017710346', 'N', 'N', '36.8', '2020-02-23');
INSERT INTO `stu_info` VALUES ('2017710346', 'N', 'N', '36.8', '2020-02-24');
INSERT INTO `stu_info` VALUES ('2017710346', 'N', 'N', '37.0', '2020-02-25');
INSERT INTO `stu_info` VALUES ('2017710346', 'N', 'N', '36.8', '2020-02-26');
INSERT INTO `stu_info` VALUES ('2017710346', 'N', 'N', '36.6', '2020-02-27');
INSERT INTO `stu_info` VALUES ('2017710346', 'N', 'N', '36.5', '2020-02-28');
INSERT INTO `stu_info` VALUES ('2017710346', 'N', 'N', '36.5', '2020-02-29');
INSERT INTO `stu_info` VALUES ('2017710346', 'N', 'N', '36.3', '2020-03-01');
INSERT INTO `stu_info` VALUES ('2017710346', 'N', 'N', '36.4', '2020-03-02');
INSERT INTO `stu_info` VALUES ('2017710346', 'N', 'N', '36.9', '2020-03-03');
INSERT INTO `stu_info` VALUES ('2017710346', 'N', 'N', '36.9', '2020-03-04');
INSERT INTO `stu_info` VALUES ('2017710346', 'N', 'N', '36.1', '2020-03-05');
INSERT INTO `stu_info` VALUES ('2017710346', 'N', 'N', '36.3', '2020-03-06');
INSERT INTO `stu_info` VALUES ('2017710346', 'N', 'N', '36.3', '2020-03-07');
INSERT INTO `stu_info` VALUES ('2017710346', 'N', 'N', '36.9', '2020-03-08');
INSERT INTO `stu_info` VALUES ('2017710346', 'N', 'N', '36.1', '2020-03-09');
INSERT INTO `stu_info` VALUES ('2017710346', 'N', 'N', '36.2', '2020-03-10');
INSERT INTO `stu_info` VALUES ('2017710346', 'N', 'N', '36.7', '2020-03-11');
INSERT INTO `stu_info` VALUES ('2017710346', 'N', 'N', '36.8', '2020-03-12');
INSERT INTO `stu_info` VALUES ('2017710346', 'N', 'N', '36.5', '2020-03-13');
INSERT INTO `stu_info` VALUES ('2017710346', 'N', 'N', '36.8', '2020-03-14');
INSERT INTO `stu_info` VALUES ('2017710346', 'N', 'N', '36.3', '2020-03-15');
INSERT INTO `stu_info` VALUES ('2017710347', 'N', 'N', '36.1', '2020-02-19');
INSERT INTO `stu_info` VALUES ('2017710347', 'N', 'N', '36.1', '2020-02-20');
INSERT INTO `stu_info` VALUES ('2017710347', 'N', 'N', '36.5', '2020-02-21');
INSERT INTO `stu_info` VALUES ('2017710347', 'N', 'N', '36.9', '2020-02-22');
INSERT INTO `stu_info` VALUES ('2017710347', 'N', 'N', '36.3', '2020-02-23');
INSERT INTO `stu_info` VALUES ('2017710347', 'N', 'N', '36.1', '2020-02-24');
INSERT INTO `stu_info` VALUES ('2017710347', 'N', 'N', '36.4', '2020-02-25');
INSERT INTO `stu_info` VALUES ('2017710347', 'N', 'N', '36.8', '2020-02-26');
INSERT INTO `stu_info` VALUES ('2017710347', 'N', 'N', '36.5', '2020-02-27');
INSERT INTO `stu_info` VALUES ('2017710347', 'N', 'N', '36.7', '2020-02-28');
INSERT INTO `stu_info` VALUES ('2017710347', 'N', 'N', '36.1', '2020-02-29');
INSERT INTO `stu_info` VALUES ('2017710347', 'N', 'N', '36.4', '2020-03-01');
INSERT INTO `stu_info` VALUES ('2017710347', 'N', 'N', '36.1', '2020-03-02');
INSERT INTO `stu_info` VALUES ('2017710347', 'N', 'N', '36.7', '2020-03-03');
INSERT INTO `stu_info` VALUES ('2017710347', 'N', 'N', '36.4', '2020-03-04');
INSERT INTO `stu_info` VALUES ('2017710347', 'N', 'N', '36.7', '2020-03-05');
INSERT INTO `stu_info` VALUES ('2017710347', 'N', 'N', '36.1', '2020-03-06');
INSERT INTO `stu_info` VALUES ('2017710347', 'N', 'N', '36.4', '2020-03-07');
INSERT INTO `stu_info` VALUES ('2017710347', 'N', 'N', '36.5', '2020-03-08');
INSERT INTO `stu_info` VALUES ('2017710347', 'N', 'N', '36.6', '2020-03-09');
INSERT INTO `stu_info` VALUES ('2017710347', 'N', 'N', '36.4', '2020-03-10');
INSERT INTO `stu_info` VALUES ('2017710347', 'N', 'N', '36.6', '2020-03-11');
INSERT INTO `stu_info` VALUES ('2017710347', 'N', 'N', '36.4', '2020-03-12');
INSERT INTO `stu_info` VALUES ('2017710347', 'N', 'N', '36.4', '2020-03-13');
INSERT INTO `stu_info` VALUES ('2017710348', 'N', 'N', '36.8', '2020-02-19');
INSERT INTO `stu_info` VALUES ('2017710348', 'N', 'N', '36.8', '2020-02-20');
INSERT INTO `stu_info` VALUES ('2017710348', 'Y', 'Y', '37.9', '2020-02-21');
INSERT INTO `stu_info` VALUES ('2017710348', 'Y', 'Y', '38.0', '2020-02-22');
INSERT INTO `stu_info` VALUES ('2017710348', 'Y', 'Y', '37.5', '2020-02-23');
INSERT INTO `stu_info` VALUES ('2017710348', 'Y', 'Y', '36.2', '2020-02-24');
INSERT INTO `stu_info` VALUES ('2017710348', 'Y', 'Y', '36.4', '2020-02-25');
INSERT INTO `stu_info` VALUES ('2017710348', 'Y', 'Y', '36.4', '2020-02-26');
INSERT INTO `stu_info` VALUES ('2017710348', 'N', 'N', '36.0', '2020-02-27');
INSERT INTO `stu_info` VALUES ('2017710348', 'N', 'N', '36.0', '2020-02-28');
INSERT INTO `stu_info` VALUES ('2017710348', 'N', 'N', '36.5', '2020-02-29');
INSERT INTO `stu_info` VALUES ('2017710348', 'N', 'N', '36.1', '2020-03-01');
INSERT INTO `stu_info` VALUES ('2017710348', 'N', 'N', '36.9', '2020-03-02');
INSERT INTO `stu_info` VALUES ('2017710348', 'N', 'N', '36.2', '2020-03-03');
INSERT INTO `stu_info` VALUES ('2017710348', 'N', 'N', '36.6', '2020-03-04');
INSERT INTO `stu_info` VALUES ('2017710348', 'N', 'N', '36.8', '2020-03-05');
INSERT INTO `stu_info` VALUES ('2017710348', 'N', 'N', '36.7', '2020-03-06');
INSERT INTO `stu_info` VALUES ('2017710348', 'N', 'N', '36.2', '2020-03-07');
INSERT INTO `stu_info` VALUES ('2017710348', 'N', 'N', '36.7', '2020-03-08');
INSERT INTO `stu_info` VALUES ('2017710348', 'N', 'N', '36.0', '2020-03-09');
INSERT INTO `stu_info` VALUES ('2017710348', 'N', 'N', '36.6', '2020-03-10');
INSERT INTO `stu_info` VALUES ('2017710348', 'N', 'N', '36.9', '2020-03-11');
INSERT INTO `stu_info` VALUES ('2017710348', 'N', 'N', '36.8', '2020-03-12');
INSERT INTO `stu_info` VALUES ('2017710348', 'N', 'N', '37.0', '2020-03-13');
INSERT INTO `stu_info` VALUES ('2017710349', 'N', 'N', '36.8', '2020-02-19');
INSERT INTO `stu_info` VALUES ('2017710349', 'N', 'N', '36.3', '2020-02-20');
INSERT INTO `stu_info` VALUES ('2017710349', 'N', 'N', '36.1', '2020-02-21');
INSERT INTO `stu_info` VALUES ('2017710349', 'N', 'N', '36.4', '2020-02-22');
INSERT INTO `stu_info` VALUES ('2017710349', 'N', 'N', '36.2', '2020-02-23');
INSERT INTO `stu_info` VALUES ('2017710349', 'N', 'N', '36.8', '2020-02-24');
INSERT INTO `stu_info` VALUES ('2017710349', 'N', 'N', '36.9', '2020-02-25');
INSERT INTO `stu_info` VALUES ('2017710349', 'N', 'N', '36.7', '2020-02-26');
INSERT INTO `stu_info` VALUES ('2017710349', 'N', 'N', '36.4', '2020-02-27');
INSERT INTO `stu_info` VALUES ('2017710349', 'N', 'N', '36.8', '2020-02-28');
INSERT INTO `stu_info` VALUES ('2017710349', 'N', 'N', '36.4', '2020-02-29');
INSERT INTO `stu_info` VALUES ('2017710349', 'N', 'N', '36.0', '2020-03-01');
INSERT INTO `stu_info` VALUES ('2017710349', 'N', 'N', '36.2', '2020-03-02');
INSERT INTO `stu_info` VALUES ('2017710349', 'N', 'N', '36.1', '2020-03-03');
INSERT INTO `stu_info` VALUES ('2017710349', 'N', 'N', '36.1', '2020-03-04');
INSERT INTO `stu_info` VALUES ('2017710349', 'N', 'N', '36.6', '2020-03-05');
INSERT INTO `stu_info` VALUES ('2017710349', 'N', 'N', '36.8', '2020-03-06');
INSERT INTO `stu_info` VALUES ('2017710349', 'N', 'N', '36.3', '2020-03-07');
INSERT INTO `stu_info` VALUES ('2017710349', 'N', 'N', '36.6', '2020-03-08');
INSERT INTO `stu_info` VALUES ('2017710349', 'N', 'N', '36.0', '2020-03-09');
INSERT INTO `stu_info` VALUES ('2017710349', 'N', 'N', '36.3', '2020-03-10');
INSERT INTO `stu_info` VALUES ('2017710349', 'N', 'N', '36.8', '2020-03-11');
INSERT INTO `stu_info` VALUES ('2017710349', 'N', 'N', '36.9', '2020-03-12');
INSERT INTO `stu_info` VALUES ('2017710349', 'N', 'N', '36.3', '2020-03-13');
INSERT INTO `stu_info` VALUES ('2017710350', 'N', 'N', '36.8', '2020-02-19');
INSERT INTO `stu_info` VALUES ('2017710350', 'N', 'N', '37.0', '2020-02-20');
INSERT INTO `stu_info` VALUES ('2017710350', 'N', 'N', '36.2', '2020-02-21');
INSERT INTO `stu_info` VALUES ('2017710350', 'N', 'N', '36.7', '2020-02-22');
INSERT INTO `stu_info` VALUES ('2017710350', 'N', 'N', '36.2', '2020-02-23');
INSERT INTO `stu_info` VALUES ('2017710350', 'N', 'N', '37.0', '2020-02-24');
INSERT INTO `stu_info` VALUES ('2017710350', 'N', 'N', '37.0', '2020-02-25');
INSERT INTO `stu_info` VALUES ('2017710350', 'N', 'N', '37.0', '2020-02-26');
INSERT INTO `stu_info` VALUES ('2017710350', 'N', 'N', '36.7', '2020-02-27');
INSERT INTO `stu_info` VALUES ('2017710350', 'N', 'N', '36.1', '2020-02-28');
INSERT INTO `stu_info` VALUES ('2017710350', 'N', 'N', '37.0', '2020-02-29');
INSERT INTO `stu_info` VALUES ('2017710350', 'N', 'N', '37.0', '2020-03-01');
INSERT INTO `stu_info` VALUES ('2017710350', 'N', 'N', '36.6', '2020-03-02');
INSERT INTO `stu_info` VALUES ('2017710350', 'N', 'N', '36.4', '2020-03-03');
INSERT INTO `stu_info` VALUES ('2017710350', 'N', 'N', '36.6', '2020-03-04');
INSERT INTO `stu_info` VALUES ('2017710350', 'N', 'N', '36.5', '2020-03-05');
INSERT INTO `stu_info` VALUES ('2017710350', 'N', 'N', '36.0', '2020-03-06');
INSERT INTO `stu_info` VALUES ('2017710350', 'N', 'N', '36.9', '2020-03-07');
INSERT INTO `stu_info` VALUES ('2017710350', 'N', 'N', '36.1', '2020-03-08');
INSERT INTO `stu_info` VALUES ('2017710350', 'N', 'N', '36.9', '2020-03-09');
INSERT INTO `stu_info` VALUES ('2017710350', 'N', 'N', '36.1', '2020-03-10');
INSERT INTO `stu_info` VALUES ('2017710350', 'N', 'N', '36.9', '2020-03-11');
INSERT INTO `stu_info` VALUES ('2017710350', 'N', 'N', '36.1', '2020-03-12');
INSERT INTO `stu_info` VALUES ('2017710350', 'N', 'N', '36.2', '2020-03-13');

-- ----------------------------
-- Table structure for teacher
-- ----------------------------
DROP TABLE IF EXISTS `teacher`;
CREATE TABLE `teacher` (
  `teacher_id` int(11) NOT NULL AUTO_INCREMENT,
  `teacher_name` varchar(255) NOT NULL,
  `sex` varchar(2) DEFAULT NULL,
  `t_pro` varchar(255) DEFAULT NULL,
  `t_city` varchar(255) DEFAULT NULL,
  PRIMARY KEY (`teacher_id`)
) ENGINE=InnoDB AUTO_INCREMENT=51 DEFAULT CHARSET=utf8;

-- ----------------------------
-- Records of teacher
-- ----------------------------
INSERT INTO `teacher` VALUES ('1', '冯荷娟', '女', '河南', '洛阳');
INSERT INTO `teacher` VALUES ('2', '张玉琴', '女', '甘肃', '兰州');
INSERT INTO `teacher` VALUES ('3', '刘悦', '女', '甘肃', '武威');
INSERT INTO `teacher` VALUES ('4', '张启河', '男', '河北', '石家庄');
INSERT INTO `teacher` VALUES ('5', '李世超', '男', '湖北', '武汉');
INSERT INTO `teacher` VALUES ('6', 'mark', '男', '海南', '海口');
INSERT INTO `teacher` VALUES ('7', '胡云', '女', '江苏', '苏州');
INSERT INTO `teacher` VALUES ('8', '钱提娜', '女', '黑龙江', '哈尔滨');
INSERT INTO `teacher` VALUES ('9', '王嘉', '男', '甘肃', '敦煌');
INSERT INTO `teacher` VALUES ('10', '赵凯', '男', '甘肃', '兰州');
INSERT INTO `teacher` VALUES ('11', '刘雯', '女', '西藏', '拉萨');
INSERT INTO `teacher` VALUES ('12', '白辉', '男', '甘肃', '天水');
INSERT INTO `teacher` VALUES ('13', '马七', '男', '甘肃', '兰州');
INSERT INTO `teacher` VALUES ('14', '张合', '男', '吉林', '白山');
INSERT INTO `teacher` VALUES ('15', '李欢', '男', '广东', '深圳');
INSERT INTO `teacher` VALUES ('16', '江夏', '女', '海南', '三亚');
INSERT INTO `teacher` VALUES ('17', '陆虎', '男', '安徽', '合肥');
INSERT INTO `teacher` VALUES ('18', '夏天宇', '男', '北京', '海淀');
INSERT INTO `teacher` VALUES ('19', '杨阳', '男', '北京', '海淀');
INSERT INTO `teacher` VALUES ('20', '江帆', '男', '甘肃', '兰州');
INSERT INTO `teacher` VALUES ('21', '姜玉虎', '男', '陕西', '西安');
INSERT INTO `teacher` VALUES ('22', '孙娜', '女', '陕西', '咸阳');
INSERT INTO `teacher` VALUES ('23', '赵林强', '男', '新疆', '乌鲁木齐');
INSERT INTO `teacher` VALUES ('24', '沈云', '女', '新疆', '昌吉');
INSERT INTO `teacher` VALUES ('25', '李思雨', '女', '湖北', '武汉');
INSERT INTO `teacher` VALUES ('26', '张思凡', '女', '湖北', '黄石');
INSERT INTO `teacher` VALUES ('27', '李跃东', '男', '河南', '郑州');
INSERT INTO `teacher` VALUES ('28', '张新红', '女', '江苏', '南京');
INSERT INTO `teacher` VALUES ('29', '张达', '男', '山东', '烟台');
INSERT INTO `teacher` VALUES ('30', '欧阳松', '男', '甘肃', '天水');
INSERT INTO `teacher` VALUES ('31', '罗梦如', '女', '福建', '厦门');
INSERT INTO `teacher` VALUES ('32', '孟泽', '男', '江西', '南昌');
INSERT INTO `teacher` VALUES ('33', '王宇凡', '男', '江苏', '苏州');
INSERT INTO `teacher` VALUES ('34', '夏婷', '女', '湖北', '孝感');
INSERT INTO `teacher` VALUES ('35', '文绮', '女', '甘肃', '兰州');
INSERT INTO `teacher` VALUES ('36', '胡文丽', '女', '河北', '石家庄');
INSERT INTO `teacher` VALUES ('37', '张霞', '女', '湖北', '武汉');
INSERT INTO `teacher` VALUES ('38', 'Lily', '女', '北京', '海淀');
INSERT INTO `teacher` VALUES ('39', '马琦', '女', '甘肃', '兰州');
INSERT INTO `teacher` VALUES ('40', '刘楚玉', '女', '陕西', '西安');
INSERT INTO `teacher` VALUES ('41', '宋武', '男', '陕西', '咸阳');
INSERT INTO `teacher` VALUES ('42', '许泽明', '男', '湖北', '武汉');
INSERT INTO `teacher` VALUES ('43', '涂丽丽', '女', '湖北', '黄石');
INSERT INTO `teacher` VALUES ('44', '蔡薇', '女', '河南', '郑州');
INSERT INTO `teacher` VALUES ('45', '江天昊', '男', '江苏', '南京');
INSERT INTO `teacher` VALUES ('46', '胡可', '女', '河南', '郑州');
INSERT INTO `teacher` VALUES ('47', '张米辉', '男', '江苏', '南京');
INSERT INTO `teacher` VALUES ('48', '白泰', '男', '山东', '烟台');
INSERT INTO `teacher` VALUES ('49', '秦伟', '男', '甘肃', '天水');
INSERT INTO `teacher` VALUES ('50', '费屈', '男', '甘肃', '兰州');

-- ----------------------------
-- Table structure for teacher_info
-- ----------------------------
DROP TABLE IF EXISTS `teacher_info`;
CREATE TABLE `teacher_info` (
  `teacher_id` int(8) NOT NULL,
  `symptom` varchar(2) CHARACTER SET utf8 COLLATE utf8_general_ci DEFAULT NULL,
  `check1` varchar(2) CHARACTER SET utf8 COLLATE utf8_general_ci DEFAULT NULL,
  `temprature` decimal(4,1) DEFAULT NULL,
  `date` date NOT NULL,
  PRIMARY KEY (`teacher_id`,`date`)
) ENGINE=InnoDB DEFAULT CHARSET=utf8;

-- ----------------------------
-- Records of teacher_info
-- ----------------------------
INSERT INTO `teacher_info` VALUES ('1', 'N', 'N', '36.0', '2020-02-19');
INSERT INTO `teacher_info` VALUES ('1', 'N', 'N', '35.5', '2020-02-20');
INSERT INTO `teacher_info` VALUES ('1', 'N', 'N', '37.0', '2020-02-21');
INSERT INTO `teacher_info` VALUES ('1', 'N', 'N', '36.9', '2020-02-22');
INSERT INTO `teacher_info` VALUES ('1', 'N', 'N', '36.3', '2020-02-23');
INSERT INTO `teacher_info` VALUES ('1', 'N', 'N', '37.0', '2020-02-24');
INSERT INTO `teacher_info` VALUES ('1', 'N', 'N', '36.1', '2020-02-25');
INSERT INTO `teacher_info` VALUES ('1', 'N', 'N', '35.6', '2020-02-26');
INSERT INTO `teacher_info` VALUES ('1', 'N', 'N', '36.6', '2020-02-27');
INSERT INTO `teacher_info` VALUES ('1', 'N', 'N', '36.0', '2020-02-28');
INSERT INTO `teacher_info` VALUES ('1', 'N', 'N', '36.1', '2020-02-29');
INSERT INTO `teacher_info` VALUES ('1', 'N', 'N', '35.7', '2020-03-01');
INSERT INTO `teacher_info` VALUES ('1', 'N', 'N', '37.5', '2020-03-02');
INSERT INTO `teacher_info` VALUES ('1', 'Y', 'Y', '37.0', '2020-03-03');
INSERT INTO `teacher_info` VALUES ('1', 'Y', 'Y', '37.6', '2020-03-04');
INSERT INTO `teacher_info` VALUES ('1', 'Y', 'Y', '37.5', '2020-03-05');
INSERT INTO `teacher_info` VALUES ('1', 'Y', 'Y', '36.2', '2020-03-06');
INSERT INTO `teacher_info` VALUES ('1', 'Y', 'Y', '36.7', '2020-03-07');
INSERT INTO `teacher_info` VALUES ('1', 'Y', 'Y', '35.9', '2020-03-08');
INSERT INTO `teacher_info` VALUES ('1', 'N', 'N', '35.9', '2020-03-09');
INSERT INTO `teacher_info` VALUES ('1', 'N', 'N', '36.5', '2020-03-10');
INSERT INTO `teacher_info` VALUES ('1', 'N', 'N', '35.9', '2020-03-11');
INSERT INTO `teacher_info` VALUES ('1', 'N', 'N', '36.2', '2020-03-12');
INSERT INTO `teacher_info` VALUES ('1', 'N', 'N', '36.8', '2020-03-13');
INSERT INTO `teacher_info` VALUES ('2', 'N', 'N', '36.8', '2020-02-19');
INSERT INTO `teacher_info` VALUES ('2', 'N', 'N', '37.0', '2020-02-20');
INSERT INTO `teacher_info` VALUES ('2', 'N', 'N', '36.3', '2020-02-21');
INSERT INTO `teacher_info` VALUES ('2', 'N', 'N', '36.3', '2020-02-22');
INSERT INTO `teacher_info` VALUES ('2', 'N', 'N', '36.3', '2020-02-23');
INSERT INTO `teacher_info` VALUES ('2', 'N', 'N', '35.8', '2020-02-24');
INSERT INTO `teacher_info` VALUES ('2', 'N', 'N', '36.9', '2020-02-25');
INSERT INTO `teacher_info` VALUES ('2', 'N', 'N', '36.4', '2020-02-26');
INSERT INTO `teacher_info` VALUES ('2', 'N', 'N', '35.9', '2020-02-27');
INSERT INTO `teacher_info` VALUES ('2', 'N', 'N', '35.7', '2020-02-28');
INSERT INTO `teacher_info` VALUES ('2', 'N', 'N', '36.9', '2020-02-29');
INSERT INTO `teacher_info` VALUES ('2', 'N', 'N', '36.8', '2020-03-01');
INSERT INTO `teacher_info` VALUES ('2', 'Y', 'Y', '36.8', '2020-03-02');
INSERT INTO `teacher_info` VALUES ('2', 'Y', 'Y', '36.6', '2020-03-03');
INSERT INTO `teacher_info` VALUES ('2', 'Y', 'Y', '35.7', '2020-03-04');
INSERT INTO `teacher_info` VALUES ('2', 'N', 'N', '36.0', '2020-03-05');
INSERT INTO `teacher_info` VALUES ('2', 'N', 'N', '36.6', '2020-03-06');
INSERT INTO `teacher_info` VALUES ('2', 'N', 'N', '35.8', '2020-03-07');
INSERT INTO `teacher_info` VALUES ('2', 'N', 'N', '36.2', '2020-03-08');
INSERT INTO `teacher_info` VALUES ('2', 'N', 'N', '35.7', '2020-03-09');
INSERT INTO `teacher_info` VALUES ('2', 'N', 'N', '36.0', '2020-03-10');
INSERT INTO `teacher_info` VALUES ('2', 'N', 'N', '36.7', '2020-03-11');
INSERT INTO `teacher_info` VALUES ('3', 'N', 'N', '36.9', '2020-02-19');
INSERT INTO `teacher_info` VALUES ('3', 'N', 'N', '36.3', '2020-02-20');
INSERT INTO `teacher_info` VALUES ('3', 'N', 'N', '36.2', '2020-02-21');
INSERT INTO `teacher_info` VALUES ('3', 'N', 'N', '36.4', '2020-02-22');
INSERT INTO `teacher_info` VALUES ('3', 'N', 'N', '36.2', '2020-02-23');
INSERT INTO `teacher_info` VALUES ('3', 'N', 'N', '36.3', '2020-02-24');
INSERT INTO `teacher_info` VALUES ('3', 'N', 'N', '36.1', '2020-02-25');
INSERT INTO `teacher_info` VALUES ('3', 'N', 'N', '36.0', '2020-02-26');
INSERT INTO `teacher_info` VALUES ('3', 'N', 'N', '37.0', '2020-02-27');
INSERT INTO `teacher_info` VALUES ('3', 'N', 'N', '36.7', '2020-02-28');
INSERT INTO `teacher_info` VALUES ('3', 'N', 'N', '36.2', '2020-02-29');
INSERT INTO `teacher_info` VALUES ('3', 'N', 'N', '36.7', '2020-03-01');
INSERT INTO `teacher_info` VALUES ('3', 'N', 'N', '35.7', '2020-03-02');
INSERT INTO `teacher_info` VALUES ('3', 'N', 'N', '36.4', '2020-03-03');
INSERT INTO `teacher_info` VALUES ('3', 'N', 'N', '36.8', '2020-03-04');
INSERT INTO `teacher_info` VALUES ('3', 'N', 'N', '36.5', '2020-03-05');
INSERT INTO `teacher_info` VALUES ('3', 'N', 'N', '36.5', '2020-03-06');
INSERT INTO `teacher_info` VALUES ('3', 'N', 'N', '36.0', '2020-03-07');
INSERT INTO `teacher_info` VALUES ('3', 'N', 'N', '36.2', '2020-03-08');
INSERT INTO `teacher_info` VALUES ('3', 'N', 'N', '36.7', '2020-03-09');
INSERT INTO `teacher_info` VALUES ('3', 'N', 'N', '36.0', '2020-03-10');
INSERT INTO `teacher_info` VALUES ('3', 'N', 'N', '35.8', '2020-03-11');
INSERT INTO `teacher_info` VALUES ('4', 'N', 'N', '36.5', '2020-02-19');
INSERT INTO `teacher_info` VALUES ('4', 'N', 'N', '36.7', '2020-02-20');
INSERT INTO `teacher_info` VALUES ('4', 'N', 'N', '36.4', '2020-02-21');
INSERT INTO `teacher_info` VALUES ('4', 'N', 'N', '37.0', '2020-02-22');
INSERT INTO `teacher_info` VALUES ('4', 'N', 'N', '36.0', '2020-02-23');
INSERT INTO `teacher_info` VALUES ('4', 'N', 'N', '36.3', '2020-02-24');
INSERT INTO `teacher_info` VALUES ('4', 'N', 'N', '36.3', '2020-02-25');
INSERT INTO `teacher_info` VALUES ('4', 'N', 'N', '36.6', '2020-02-26');
INSERT INTO `teacher_info` VALUES ('4', 'N', 'N', '36.3', '2020-02-27');
INSERT INTO `teacher_info` VALUES ('4', 'N', 'N', '36.3', '2020-02-28');
INSERT INTO `teacher_info` VALUES ('4', 'N', 'N', '36.5', '2020-02-29');
INSERT INTO `teacher_info` VALUES ('4', 'N', 'N', '36.5', '2020-03-01');
INSERT INTO `teacher_info` VALUES ('4', 'N', 'N', '36.7', '2020-03-02');
INSERT INTO `teacher_info` VALUES ('4', 'N', 'N', '36.1', '2020-03-03');
INSERT INTO `teacher_info` VALUES ('4', 'N', 'N', '36.6', '2020-03-04');
INSERT INTO `teacher_info` VALUES ('4', 'N', 'N', '35.9', '2020-03-05');
INSERT INTO `teacher_info` VALUES ('4', 'N', 'N', '36.8', '2020-03-06');
INSERT INTO `teacher_info` VALUES ('4', 'N', 'N', '36.6', '2020-03-07');
INSERT INTO `teacher_info` VALUES ('4', 'N', 'N', '36.1', '2020-03-08');
INSERT INTO `teacher_info` VALUES ('4', 'N', 'N', '37.0', '2020-03-09');
INSERT INTO `teacher_info` VALUES ('4', 'N', 'N', '36.4', '2020-03-10');
INSERT INTO `teacher_info` VALUES ('4', 'N', 'N', '36.9', '2020-03-11');
INSERT INTO `teacher_info` VALUES ('4', 'N', 'N', '36.6', '2020-03-12');
INSERT INTO `teacher_info` VALUES ('4', 'N', 'N', '36.5', '2020-03-13');
INSERT INTO `teacher_info` VALUES ('5', 'N', 'N', '36.2', '2020-02-19');
INSERT INTO `teacher_info` VALUES ('5', 'N', 'N', '36.9', '2020-02-20');
INSERT INTO `teacher_info` VALUES ('5', 'N', 'N', '36.3', '2020-02-21');
INSERT INTO `teacher_info` VALUES ('5', 'N', 'N', '36.8', '2020-02-22');
INSERT INTO `teacher_info` VALUES ('5', 'N', 'N', '36.4', '2020-02-23');
INSERT INTO `teacher_info` VALUES ('5', 'N', 'N', '36.4', '2020-02-24');
INSERT INTO `teacher_info` VALUES ('5', 'N', 'N', '36.8', '2020-02-25');
INSERT INTO `teacher_info` VALUES ('5', 'N', 'N', '36.4', '2020-02-26');
INSERT INTO `teacher_info` VALUES ('5', 'N', 'N', '36.2', '2020-02-27');
INSERT INTO `teacher_info` VALUES ('5', 'N', 'N', '36.8', '2020-02-28');
INSERT INTO `teacher_info` VALUES ('5', 'N', 'N', '36.0', '2020-02-29');
INSERT INTO `teacher_info` VALUES ('5', 'N', 'N', '36.8', '2020-03-01');
INSERT INTO `teacher_info` VALUES ('5', 'N', 'N', '35.7', '2020-03-02');
INSERT INTO `teacher_info` VALUES ('5', 'N', 'N', '36.7', '2020-03-03');
INSERT INTO `teacher_info` VALUES ('5', 'N', 'N', '35.8', '2020-03-04');
INSERT INTO `teacher_info` VALUES ('5', 'N', 'N', '36.2', '2020-03-05');
INSERT INTO `teacher_info` VALUES ('5', 'N', 'N', '36.0', '2020-03-06');
INSERT INTO `teacher_info` VALUES ('5', 'N', 'N', '36.7', '2020-03-07');
INSERT INTO `teacher_info` VALUES ('5', 'Y', 'Y', '37.5', '2020-03-08');
INSERT INTO `teacher_info` VALUES ('5', 'Y', 'Y', '37.9', '2020-03-09');
INSERT INTO `teacher_info` VALUES ('5', 'Y', 'Y', '37.5', '2020-03-10');
INSERT INTO `teacher_info` VALUES ('5', 'Y', 'Y', '37.0', '2020-03-11');
INSERT INTO `teacher_info` VALUES ('5', 'N', 'N', '37.0', '2020-03-12');
INSERT INTO `teacher_info` VALUES ('5', 'N', 'N', '36.5', '2020-03-13');
INSERT INTO `teacher_info` VALUES ('6', 'N', 'N', '36.5', '2020-02-19');
INSERT INTO `teacher_info` VALUES ('6', 'N', 'N', '36.1', '2020-02-20');
INSERT INTO `teacher_info` VALUES ('6', 'N', 'N', '36.1', '2020-02-21');
INSERT INTO `teacher_info` VALUES ('6', 'N', 'N', '36.2', '2020-02-22');
INSERT INTO `teacher_info` VALUES ('6', 'N', 'N', '36.5', '2020-02-23');
INSERT INTO `teacher_info` VALUES ('6', 'N', 'N', '36.1', '2020-02-24');
INSERT INTO `teacher_info` VALUES ('6', 'N', 'N', '36.6', '2020-02-25');
INSERT INTO `teacher_info` VALUES ('6', 'N', 'N', '36.9', '2020-02-26');
INSERT INTO `teacher_info` VALUES ('6', 'N', 'N', '36.1', '2020-02-27');
INSERT INTO `teacher_info` VALUES ('6', 'N', 'N', '36.9', '2020-02-28');
INSERT INTO `teacher_info` VALUES ('6', 'N', 'N', '36.4', '2020-02-29');
INSERT INTO `teacher_info` VALUES ('6', 'N', 'N', '36.7', '2020-03-01');
INSERT INTO `teacher_info` VALUES ('6', 'N', 'N', '36.3', '2020-03-02');
INSERT INTO `teacher_info` VALUES ('6', 'N', 'N', '36.6', '2020-03-03');
INSERT INTO `teacher_info` VALUES ('6', 'N', 'N', '36.0', '2020-03-04');
INSERT INTO `teacher_info` VALUES ('6', 'N', 'N', '36.8', '2020-03-05');
INSERT INTO `teacher_info` VALUES ('6', 'Y', 'N', '37.6', '2020-03-06');
INSERT INTO `teacher_info` VALUES ('6', 'Y', 'Y', '37.9', '2020-03-07');
INSERT INTO `teacher_info` VALUES ('6', 'Y', 'Y', '37.7', '2020-03-08');
INSERT INTO `teacher_info` VALUES ('6', 'N', 'N', '36.7', '2020-03-09');
INSERT INTO `teacher_info` VALUES ('7', 'N', 'N', '35.9', '2020-03-04');
INSERT INTO `teacher_info` VALUES ('7', 'N', 'N', '36.0', '2020-03-05');
INSERT INTO `teacher_info` VALUES ('7', 'N', 'N', '36.2', '2020-03-06');
INSERT INTO `teacher_info` VALUES ('7', 'N', 'N', '36.9', '2020-03-07');
INSERT INTO `teacher_info` VALUES ('7', 'Y', 'N', '37.8', '2020-03-08');
INSERT INTO `teacher_info` VALUES ('7', 'Y', 'Y', '37.5', '2020-03-09');
INSERT INTO `teacher_info` VALUES ('7', 'Y', 'Y', '37.0', '2020-03-10');
INSERT INTO `teacher_info` VALUES ('7', 'Y', 'Y', '36.9', '2020-03-11');
INSERT INTO `teacher_info` VALUES ('8', 'N', 'N', '36.7', '2020-03-04');
INSERT INTO `teacher_info` VALUES ('8', 'N', 'N', '36.2', '2020-03-05');
INSERT INTO `teacher_info` VALUES ('8', 'N', 'N', '36.7', '2020-03-06');
INSERT INTO `teacher_info` VALUES ('8', 'N', 'N', '35.8', '2020-03-07');
INSERT INTO `teacher_info` VALUES ('8', 'N', 'N', '36.2', '2020-03-08');
INSERT INTO `teacher_info` VALUES ('8', 'N', 'N', '36.5', '2020-03-09');
INSERT INTO `teacher_info` VALUES ('8', 'N', 'N', '36.8', '2020-03-10');
INSERT INTO `teacher_info` VALUES ('8', 'N', 'N', '36.7', '2020-03-11');
INSERT INTO `teacher_info` VALUES ('8', 'N', 'N', '36.8', '2020-03-12');
INSERT INTO `teacher_info` VALUES ('8', 'N', 'N', '36.7', '2020-03-13');
INSERT INTO `teacher_info` VALUES ('9', 'N', 'N', '36.8', '2020-02-19');
INSERT INTO `teacher_info` VALUES ('9', 'N', 'N', '36.8', '2020-02-20');
INSERT INTO `teacher_info` VALUES ('9', 'N', 'N', '36.6', '2020-02-21');
INSERT INTO `teacher_info` VALUES ('9', 'N', 'N', '36.5', '2020-02-22');
INSERT INTO `teacher_info` VALUES ('9', 'N', 'N', '36.3', '2020-02-23');
INSERT INTO `teacher_info` VALUES ('9', 'N', 'N', '36.7', '2020-02-24');
INSERT INTO `teacher_info` VALUES ('9', 'N', 'N', '36.4', '2020-02-25');
INSERT INTO `teacher_info` VALUES ('9', 'N', 'N', '36.5', '2020-02-26');
INSERT INTO `teacher_info` VALUES ('9', 'N', 'N', '36.9', '2020-02-27');
INSERT INTO `teacher_info` VALUES ('9', 'N', 'N', '36.2', '2020-02-28');
INSERT INTO `teacher_info` VALUES ('9', 'N', 'N', '37.0', '2020-02-29');
INSERT INTO `teacher_info` VALUES ('9', 'N', 'N', '36.5', '2020-03-01');
INSERT INTO `teacher_info` VALUES ('9', 'N', 'N', '36.2', '2020-03-02');
INSERT INTO `teacher_info` VALUES ('9', 'N', 'N', '36.2', '2020-03-04');
INSERT INTO `teacher_info` VALUES ('9', 'N', 'N', '35.9', '2020-03-05');
INSERT INTO `teacher_info` VALUES ('9', 'N', 'N', '36.9', '2020-03-06');
INSERT INTO `teacher_info` VALUES ('9', 'N', 'N', '36.0', '2020-03-07');
INSERT INTO `teacher_info` VALUES ('9', 'N', 'N', '36.7', '2020-03-08');
INSERT INTO `teacher_info` VALUES ('9', 'N', 'N', '35.9', '2020-03-09');
INSERT INTO `teacher_info` VALUES ('9', 'N', 'N', '36.3', '2020-03-10');
INSERT INTO `teacher_info` VALUES ('9', 'N', 'N', '36.5', '2020-03-11');
INSERT INTO `teacher_info` VALUES ('9', 'N', 'N', '36.4', '2020-03-12');
INSERT INTO `teacher_info` VALUES ('9', 'N', 'N', '36.1', '2020-03-13');
INSERT INTO `teacher_info` VALUES ('10', 'N', 'N', '36.9', '2020-02-19');
INSERT INTO `teacher_info` VALUES ('10', 'N', 'N', '36.5', '2020-02-20');
INSERT INTO `teacher_info` VALUES ('10', 'N', 'N', '36.4', '2020-02-21');
INSERT INTO `teacher_info` VALUES ('10', 'N', 'N', '36.7', '2020-02-22');
INSERT INTO `teacher_info` VALUES ('10', 'N', 'N', '36.8', '2020-02-23');
INSERT INTO `teacher_info` VALUES ('10', 'N', 'N', '36.4', '2020-02-24');
INSERT INTO `teacher_info` VALUES ('10', 'N', 'N', '36.4', '2020-02-25');
INSERT INTO `teacher_info` VALUES ('10', 'N', 'N', '36.8', '2020-02-26');
INSERT INTO `teacher_info` VALUES ('10', 'N', 'N', '36.3', '2020-02-27');
INSERT INTO `teacher_info` VALUES ('10', 'N', 'N', '36.7', '2020-02-28');
INSERT INTO `teacher_info` VALUES ('10', 'N', 'N', '36.2', '2020-02-29');
INSERT INTO `teacher_info` VALUES ('10', 'N', 'N', '36.1', '2020-03-01');
INSERT INTO `teacher_info` VALUES ('10', 'N', 'N', '36.7', '2020-03-02');
INSERT INTO `teacher_info` VALUES ('10', 'N', 'N', '36.0', '2020-03-03');
INSERT INTO `teacher_info` VALUES ('10', 'N', 'N', '36.4', '2020-03-04');
INSERT INTO `teacher_info` VALUES ('10', 'N', 'N', '36.2', '2020-03-06');
INSERT INTO `teacher_info` VALUES ('10', 'N', 'N', '35.9', '2020-03-07');
INSERT INTO `teacher_info` VALUES ('10', 'N', 'N', '36.6', '2020-03-08');
INSERT INTO `teacher_info` VALUES ('10', 'N', 'N', '36.8', '2020-03-09');
INSERT INTO `teacher_info` VALUES ('10', 'N', 'N', '36.4', '2020-03-10');
INSERT INTO `teacher_info` VALUES ('10', 'N', 'N', '36.0', '2020-03-11');
INSERT INTO `teacher_info` VALUES ('10', 'N', 'N', '36.2', '2020-03-12');
INSERT INTO `teacher_info` VALUES ('10', 'N', 'N', '36.2', '2020-03-13');
INSERT INTO `teacher_info` VALUES ('11', 'N', 'N', '36.1', '2020-02-19');
INSERT INTO `teacher_info` VALUES ('11', 'N', 'N', '36.4', '2020-02-20');
INSERT INTO `teacher_info` VALUES ('11', 'N', 'N', '36.7', '2020-02-21');
INSERT INTO `teacher_info` VALUES ('11', 'N', 'N', '37.0', '2020-02-22');
INSERT INTO `teacher_info` VALUES ('11', 'N', 'N', '36.5', '2020-02-23');
INSERT INTO `teacher_info` VALUES ('11', 'N', 'N', '36.4', '2020-02-24');
INSERT INTO `teacher_info` VALUES ('11', 'N', 'N', '36.4', '2020-02-25');
INSERT INTO `teacher_info` VALUES ('11', 'N', 'N', '36.1', '2020-02-26');
INSERT INTO `teacher_info` VALUES ('11', 'N', 'N', '36.4', '2020-02-27');
INSERT INTO `teacher_info` VALUES ('11', 'N', 'N', '36.4', '2020-02-28');
INSERT INTO `teacher_info` VALUES ('11', 'N', 'N', '36.1', '2020-02-29');
INSERT INTO `teacher_info` VALUES ('11', 'N', 'N', '36.2', '2020-03-01');
INSERT INTO `teacher_info` VALUES ('11', 'N', 'N', '36.7', '2020-03-02');
INSERT INTO `teacher_info` VALUES ('11', 'N', 'N', '36.3', '2020-03-03');
INSERT INTO `teacher_info` VALUES ('11', 'N', 'N', '36.2', '2020-03-04');
INSERT INTO `teacher_info` VALUES ('11', 'N', 'N', '37.0', '2020-03-05');
INSERT INTO `teacher_info` VALUES ('11', 'N', 'N', '36.2', '2020-03-06');
INSERT INTO `teacher_info` VALUES ('11', 'N', 'N', '35.8', '2020-03-07');
INSERT INTO `teacher_info` VALUES ('11', 'N', 'N', '36.0', '2020-03-08');
INSERT INTO `teacher_info` VALUES ('11', 'N', 'N', '36.2', '2020-03-09');
INSERT INTO `teacher_info` VALUES ('11', 'Y', 'Y', '37.8', '2020-03-11');
INSERT INTO `teacher_info` VALUES ('12', 'N', 'N', '36.7', '2020-02-19');
INSERT INTO `teacher_info` VALUES ('12', 'N', 'N', '36.5', '2020-02-20');
INSERT INTO `teacher_info` VALUES ('12', 'N', 'N', '36.7', '2020-02-21');
INSERT INTO `teacher_info` VALUES ('12', 'N', 'N', '36.6', '2020-02-22');
INSERT INTO `teacher_info` VALUES ('12', 'N', 'N', '36.6', '2020-02-23');
INSERT INTO `teacher_info` VALUES ('12', 'N', 'N', '36.9', '2020-02-24');
INSERT INTO `teacher_info` VALUES ('12', 'N', 'N', '36.2', '2020-02-25');
INSERT INTO `teacher_info` VALUES ('12', 'N', 'N', '36.6', '2020-02-26');
INSERT INTO `teacher_info` VALUES ('12', 'N', 'N', '36.1', '2020-02-27');
INSERT INTO `teacher_info` VALUES ('12', 'N', 'N', '36.8', '2020-02-28');
INSERT INTO `teacher_info` VALUES ('12', 'N', 'N', '36.4', '2020-02-29');
INSERT INTO `teacher_info` VALUES ('12', 'N', 'N', '36.1', '2020-03-01');
INSERT INTO `teacher_info` VALUES ('12', 'N', 'N', '36.4', '2020-03-02');
INSERT INTO `teacher_info` VALUES ('12', 'N', 'N', '36.6', '2020-03-03');
INSERT INTO `teacher_info` VALUES ('12', 'N', 'N', '36.9', '2020-03-04');
INSERT INTO `teacher_info` VALUES ('12', 'N', 'N', '36.3', '2020-03-05');
INSERT INTO `teacher_info` VALUES ('12', 'N', 'N', '36.7', '2020-03-06');
INSERT INTO `teacher_info` VALUES ('12', 'N', 'N', '35.9', '2020-03-07');
INSERT INTO `teacher_info` VALUES ('12', 'N', 'N', '36.0', '2020-03-08');
INSERT INTO `teacher_info` VALUES ('12', 'N', 'N', '35.9', '2020-03-09');
INSERT INTO `teacher_info` VALUES ('12', 'N', 'N', '36.7', '2020-03-11');
INSERT INTO `teacher_info` VALUES ('13', 'N', 'N', '37.0', '2020-02-19');
INSERT INTO `teacher_info` VALUES ('13', 'N', 'N', '36.3', '2020-02-20');
INSERT INTO `teacher_info` VALUES ('13', 'N', 'N', '36.9', '2020-02-21');
INSERT INTO `teacher_info` VALUES ('13', 'N', 'N', '36.1', '2020-02-22');
INSERT INTO `teacher_info` VALUES ('13', 'N', 'N', '36.9', '2020-02-23');
INSERT INTO `teacher_info` VALUES ('13', 'N', 'N', '36.8', '2020-02-24');
INSERT INTO `teacher_info` VALUES ('13', 'N', 'N', '36.9', '2020-02-25');
INSERT INTO `teacher_info` VALUES ('13', 'N', 'N', '36.5', '2020-02-26');
INSERT INTO `teacher_info` VALUES ('13', 'N', 'N', '36.7', '2020-02-27');
INSERT INTO `teacher_info` VALUES ('13', 'N', 'N', '36.5', '2020-02-28');
INSERT INTO `teacher_info` VALUES ('13', 'N', 'N', '36.0', '2020-02-29');
INSERT INTO `teacher_info` VALUES ('13', 'N', 'N', '36.4', '2020-03-01');
INSERT INTO `teacher_info` VALUES ('13', 'N', 'N', '36.8', '2020-03-02');
INSERT INTO `teacher_info` VALUES ('13', 'N', 'N', '36.6', '2020-03-03');
INSERT INTO `teacher_info` VALUES ('13', 'N', 'N', '36.3', '2020-03-04');
INSERT INTO `teacher_info` VALUES ('13', 'N', 'N', '36.2', '2020-03-05');
INSERT INTO `teacher_info` VALUES ('13', 'N', 'N', '36.9', '2020-03-06');
INSERT INTO `teacher_info` VALUES ('13', 'N', 'N', '36.3', '2020-03-07');
INSERT INTO `teacher_info` VALUES ('13', 'N', 'N', '36.4', '2020-03-08');
INSERT INTO `teacher_info` VALUES ('13', 'N', 'N', '36.7', '2020-03-09');
INSERT INTO `teacher_info` VALUES ('13', 'N', 'N', '36.7', '2020-03-12');
INSERT INTO `teacher_info` VALUES ('14', 'N', 'N', '36.9', '2020-02-19');
INSERT INTO `teacher_info` VALUES ('14', 'N', 'N', '36.9', '2020-02-20');
INSERT INTO `teacher_info` VALUES ('14', 'N', 'N', '36.5', '2020-02-21');
INSERT INTO `teacher_info` VALUES ('14', 'N', 'N', '37.0', '2020-02-22');
INSERT INTO `teacher_info` VALUES ('14', 'N', 'N', '36.7', '2020-02-23');
INSERT INTO `teacher_info` VALUES ('14', 'N', 'N', '37.0', '2020-02-24');
INSERT INTO `teacher_info` VALUES ('14', 'N', 'N', '36.7', '2020-02-25');
INSERT INTO `teacher_info` VALUES ('14', 'N', 'N', '36.7', '2020-02-26');
INSERT INTO `teacher_info` VALUES ('14', 'N', 'N', '36.4', '2020-02-27');
INSERT INTO `teacher_info` VALUES ('14', 'N', 'N', '36.5', '2020-02-28');
INSERT INTO `teacher_info` VALUES ('14', 'N', 'N', '36.3', '2020-02-29');
INSERT INTO `teacher_info` VALUES ('14', 'N', 'N', '36.9', '2020-03-01');
INSERT INTO `teacher_info` VALUES ('14', 'N', 'N', '36.4', '2020-03-02');
INSERT INTO `teacher_info` VALUES ('14', 'N', 'N', '36.5', '2020-03-03');
INSERT INTO `teacher_info` VALUES ('14', 'N', 'N', '36.5', '2020-03-04');
INSERT INTO `teacher_info` VALUES ('14', 'N', 'N', '36.4', '2020-03-05');
INSERT INTO `teacher_info` VALUES ('14', 'N', 'N', '36.5', '2020-03-06');
INSERT INTO `teacher_info` VALUES ('14', 'N', 'N', '36.7', '2020-03-07');
INSERT INTO `teacher_info` VALUES ('14', 'N', 'N', '37.0', '2020-03-08');
INSERT INTO `teacher_info` VALUES ('14', 'N', 'N', '36.6', '2020-03-09');
INSERT INTO `teacher_info` VALUES ('14', 'N', 'N', '36.6', '2020-03-10');
INSERT INTO `teacher_info` VALUES ('14', 'N', 'N', '36.0', '2020-03-11');
INSERT INTO `teacher_info` VALUES ('14', 'N', 'N', '36.8', '2020-03-12');
INSERT INTO `teacher_info` VALUES ('14', 'N', 'N', '36.5', '2020-03-13');
INSERT INTO `teacher_info` VALUES ('15', 'N', 'N', '36.6', '2020-02-19');
INSERT INTO `teacher_info` VALUES ('15', 'N', 'N', '36.1', '2020-02-20');
INSERT INTO `teacher_info` VALUES ('15', 'Y', 'Y', '37.0', '2020-02-21');
INSERT INTO `teacher_info` VALUES ('15', 'Y', 'Y', '37.9', '2020-02-22');
INSERT INTO `teacher_info` VALUES ('15', 'Y', 'Y', '38.0', '2020-02-23');
INSERT INTO `teacher_info` VALUES ('15', 'Y', 'Y', '37.8', '2020-02-24');
INSERT INTO `teacher_info` VALUES ('15', 'Y', 'Y', '36.9', '2020-02-25');
INSERT INTO `teacher_info` VALUES ('15', 'Y', 'Y', '36.8', '2020-02-26');
INSERT INTO `teacher_info` VALUES ('15', 'Y', 'Y', '36.6', '2020-02-27');
INSERT INTO `teacher_info` VALUES ('15', 'N', 'N', '36.9', '2020-02-28');
INSERT INTO `teacher_info` VALUES ('15', 'N', 'N', '36.2', '2020-02-29');
INSERT INTO `teacher_info` VALUES ('15', 'N', 'N', '36.2', '2020-03-01');
INSERT INTO `teacher_info` VALUES ('15', 'N', 'N', '36.8', '2020-03-02');
INSERT INTO `teacher_info` VALUES ('15', 'N', 'N', '36.4', '2020-03-03');
INSERT INTO `teacher_info` VALUES ('15', 'N', 'N', '36.1', '2020-03-04');
INSERT INTO `teacher_info` VALUES ('15', 'N', 'N', '36.0', '2020-03-05');
INSERT INTO `teacher_info` VALUES ('15', 'N', 'N', '36.7', '2020-03-06');
INSERT INTO `teacher_info` VALUES ('15', 'N', 'N', '36.6', '2020-03-07');
INSERT INTO `teacher_info` VALUES ('15', 'N', 'N', '37.0', '2020-03-08');
INSERT INTO `teacher_info` VALUES ('15', 'N', 'N', '36.1', '2020-03-09');
INSERT INTO `teacher_info` VALUES ('15', 'N', 'N', '36.4', '2020-03-10');
INSERT INTO `teacher_info` VALUES ('15', 'N', 'N', '36.6', '2020-03-11');
INSERT INTO `teacher_info` VALUES ('15', 'N', 'N', '36.6', '2020-03-12');
INSERT INTO `teacher_info` VALUES ('15', 'N', 'N', '36.7', '2020-03-13');
INSERT INTO `teacher_info` VALUES ('16', 'N', 'N', '36.6', '2020-02-19');
INSERT INTO `teacher_info` VALUES ('16', 'N', 'N', '36.5', '2020-02-20');
INSERT INTO `teacher_info` VALUES ('16', 'N', 'N', '36.9', '2020-02-21');
INSERT INTO `teacher_info` VALUES ('16', 'N', 'N', '36.7', '2020-02-22');
INSERT INTO `teacher_info` VALUES ('16', 'N', 'N', '36.1', '2020-02-23');
INSERT INTO `teacher_info` VALUES ('16', 'N', 'N', '36.1', '2020-02-24');
INSERT INTO `teacher_info` VALUES ('16', 'N', 'N', '36.4', '2020-02-25');
INSERT INTO `teacher_info` VALUES ('16', 'N', 'N', '36.0', '2020-02-26');
INSERT INTO `teacher_info` VALUES ('16', 'N', 'N', '36.0', '2020-02-27');
INSERT INTO `teacher_info` VALUES ('16', 'N', 'N', '36.5', '2020-02-28');
INSERT INTO `teacher_info` VALUES ('16', 'N', 'N', '36.9', '2020-02-29');
INSERT INTO `teacher_info` VALUES ('16', 'N', 'N', '36.1', '2020-03-01');
INSERT INTO `teacher_info` VALUES ('16', 'N', 'N', '36.0', '2020-03-02');
INSERT INTO `teacher_info` VALUES ('16', 'N', 'N', '36.0', '2020-03-03');
INSERT INTO `teacher_info` VALUES ('16', 'N', 'N', '36.2', '2020-03-04');
INSERT INTO `teacher_info` VALUES ('16', 'N', 'N', '36.3', '2020-03-05');
INSERT INTO `teacher_info` VALUES ('16', 'N', 'N', '36.9', '2020-03-06');
INSERT INTO `teacher_info` VALUES ('16', 'N', 'N', '36.7', '2020-03-07');
INSERT INTO `teacher_info` VALUES ('16', 'N', 'N', '36.0', '2020-03-08');
INSERT INTO `teacher_info` VALUES ('16', 'N', 'N', '36.2', '2020-03-09');
INSERT INTO `teacher_info` VALUES ('16', 'N', 'N', '36.5', '2020-03-10');
INSERT INTO `teacher_info` VALUES ('16', 'N', 'N', '36.7', '2020-03-11');
INSERT INTO `teacher_info` VALUES ('16', 'N', 'N', '36.3', '2020-03-12');
INSERT INTO `teacher_info` VALUES ('16', 'N', 'N', '36.4', '2020-03-13');
INSERT INTO `teacher_info` VALUES ('17', 'N', 'N', '36.4', '2020-02-19');
INSERT INTO `teacher_info` VALUES ('17', 'N', 'N', '36.9', '2020-02-20');
INSERT INTO `teacher_info` VALUES ('17', 'N', 'N', '36.3', '2020-02-21');
INSERT INTO `teacher_info` VALUES ('17', 'N', 'N', '36.7', '2020-02-22');
INSERT INTO `teacher_info` VALUES ('17', 'N', 'N', '36.8', '2020-02-23');
INSERT INTO `teacher_info` VALUES ('17', 'N', 'N', '36.4', '2020-02-24');
INSERT INTO `teacher_info` VALUES ('17', 'N', 'N', '36.5', '2020-02-25');
INSERT INTO `teacher_info` VALUES ('17', 'N', 'N', '36.1', '2020-02-26');
INSERT INTO `teacher_info` VALUES ('17', 'N', 'N', '36.8', '2020-02-27');
INSERT INTO `teacher_info` VALUES ('17', 'N', 'N', '37.0', '2020-02-28');
INSERT INTO `teacher_info` VALUES ('17', 'N', 'N', '36.3', '2020-02-29');
INSERT INTO `teacher_info` VALUES ('17', 'N', 'N', '36.7', '2020-03-01');
INSERT INTO `teacher_info` VALUES ('17', 'N', 'N', '36.0', '2020-03-02');
INSERT INTO `teacher_info` VALUES ('17', 'N', 'N', '36.9', '2020-03-03');
INSERT INTO `teacher_info` VALUES ('17', 'N', 'N', '36.6', '2020-03-04');
INSERT INTO `teacher_info` VALUES ('17', 'N', 'N', '36.1', '2020-03-05');
INSERT INTO `teacher_info` VALUES ('17', 'N', 'N', '37.0', '2020-03-06');
INSERT INTO `teacher_info` VALUES ('17', 'N', 'N', '37.0', '2020-03-07');
INSERT INTO `teacher_info` VALUES ('17', 'N', 'N', '36.9', '2020-03-08');
INSERT INTO `teacher_info` VALUES ('17', 'N', 'N', '36.9', '2020-03-09');
INSERT INTO `teacher_info` VALUES ('17', 'N', 'N', '36.3', '2020-03-10');
INSERT INTO `teacher_info` VALUES ('17', 'N', 'N', '36.5', '2020-03-11');
INSERT INTO `teacher_info` VALUES ('17', 'N', 'N', '36.7', '2020-03-12');
INSERT INTO `teacher_info` VALUES ('17', 'N', 'N', '36.5', '2020-03-13');
INSERT INTO `teacher_info` VALUES ('18', 'N', 'N', '36.8', '2020-02-19');
INSERT INTO `teacher_info` VALUES ('18', 'N', 'N', '36.4', '2020-02-20');
INSERT INTO `teacher_info` VALUES ('18', 'N', 'N', '36.3', '2020-02-21');
INSERT INTO `teacher_info` VALUES ('18', 'N', 'N', '36.3', '2020-02-22');
INSERT INTO `teacher_info` VALUES ('18', 'N', 'N', '37.0', '2020-02-23');
INSERT INTO `teacher_info` VALUES ('18', 'N', 'N', '36.3', '2020-02-24');
INSERT INTO `teacher_info` VALUES ('18', 'N', 'N', '36.1', '2020-02-25');
INSERT INTO `teacher_info` VALUES ('18', 'N', 'N', '36.5', '2020-02-26');
INSERT INTO `teacher_info` VALUES ('18', 'N', 'N', '36.2', '2020-02-27');
INSERT INTO `teacher_info` VALUES ('18', 'N', 'N', '36.3', '2020-02-28');
INSERT INTO `teacher_info` VALUES ('18', 'N', 'N', '36.4', '2020-02-29');
INSERT INTO `teacher_info` VALUES ('18', 'N', 'N', '36.2', '2020-03-01');
INSERT INTO `teacher_info` VALUES ('18', 'N', 'N', '36.4', '2020-03-02');
INSERT INTO `teacher_info` VALUES ('18', 'N', 'N', '36.1', '2020-03-03');
INSERT INTO `teacher_info` VALUES ('18', 'N', 'N', '36.5', '2020-03-04');
INSERT INTO `teacher_info` VALUES ('18', 'N', 'N', '36.9', '2020-03-05');
INSERT INTO `teacher_info` VALUES ('18', 'N', 'N', '36.1', '2020-03-06');
INSERT INTO `teacher_info` VALUES ('18', 'N', 'N', '36.5', '2020-03-07');
INSERT INTO `teacher_info` VALUES ('18', 'N', 'N', '36.8', '2020-03-08');
INSERT INTO `teacher_info` VALUES ('18', 'N', 'N', '36.5', '2020-03-09');
INSERT INTO `teacher_info` VALUES ('18', 'N', 'N', '36.7', '2020-03-10');
INSERT INTO `teacher_info` VALUES ('18', 'N', 'N', '36.6', '2020-03-11');
INSERT INTO `teacher_info` VALUES ('18', 'N', 'N', '36.5', '2020-03-12');
INSERT INTO `teacher_info` VALUES ('18', 'N', 'N', '36.6', '2020-03-13');
INSERT INTO `teacher_info` VALUES ('19', 'N', 'N', '36.9', '2020-02-19');
INSERT INTO `teacher_info` VALUES ('19', 'N', 'N', '36.5', '2020-02-20');
INSERT INTO `teacher_info` VALUES ('19', 'N', 'N', '36.3', '2020-02-21');
INSERT INTO `teacher_info` VALUES ('19', 'N', 'N', '36.5', '2020-02-22');
INSERT INTO `teacher_info` VALUES ('19', 'N', 'N', '36.3', '2020-02-23');
INSERT INTO `teacher_info` VALUES ('19', 'N', 'N', '36.6', '2020-02-24');
INSERT INTO `teacher_info` VALUES ('19', 'N', 'N', '36.4', '2020-02-25');
INSERT INTO `teacher_info` VALUES ('19', 'N', 'N', '36.8', '2020-02-26');
INSERT INTO `teacher_info` VALUES ('19', 'N', 'N', '36.1', '2020-02-27');
INSERT INTO `teacher_info` VALUES ('19', 'N', 'N', '36.3', '2020-02-28');
INSERT INTO `teacher_info` VALUES ('19', 'N', 'N', '36.7', '2020-02-29');
INSERT INTO `teacher_info` VALUES ('19', 'N', 'N', '36.7', '2020-03-01');
INSERT INTO `teacher_info` VALUES ('19', 'N', 'N', '36.3', '2020-03-02');
INSERT INTO `teacher_info` VALUES ('19', 'N', 'N', '36.5', '2020-03-03');
INSERT INTO `teacher_info` VALUES ('19', 'N', 'N', '37.0', '2020-03-04');
INSERT INTO `teacher_info` VALUES ('19', 'N', 'N', '36.3', '2020-03-05');
INSERT INTO `teacher_info` VALUES ('19', 'N', 'N', '36.7', '2020-03-06');
INSERT INTO `teacher_info` VALUES ('19', 'N', 'N', '36.5', '2020-03-07');
INSERT INTO `teacher_info` VALUES ('19', 'N', 'N', '36.5', '2020-03-08');
INSERT INTO `teacher_info` VALUES ('19', 'N', 'N', '36.7', '2020-03-09');
INSERT INTO `teacher_info` VALUES ('19', 'N', 'N', '36.4', '2020-03-10');
INSERT INTO `teacher_info` VALUES ('19', 'N', 'N', '37.0', '2020-03-11');
INSERT INTO `teacher_info` VALUES ('19', 'N', 'N', '36.2', '2020-03-12');
INSERT INTO `teacher_info` VALUES ('19', 'N', 'N', '36.5', '2020-03-13');
INSERT INTO `teacher_info` VALUES ('20', 'N', 'N', '36.1', '2020-02-19');
INSERT INTO `teacher_info` VALUES ('20', 'N', 'N', '36.7', '2020-02-20');
INSERT INTO `teacher_info` VALUES ('20', 'N', 'N', '36.4', '2020-02-21');
INSERT INTO `teacher_info` VALUES ('20', 'N', 'N', '36.1', '2020-02-22');
INSERT INTO `teacher_info` VALUES ('20', 'N', 'N', '36.4', '2020-02-23');
INSERT INTO `teacher_info` VALUES ('20', 'N', 'N', '36.4', '2020-02-24');
INSERT INTO `teacher_info` VALUES ('20', 'N', 'N', '37.0', '2020-02-25');
INSERT INTO `teacher_info` VALUES ('20', 'N', 'N', '36.7', '2020-02-26');
INSERT INTO `teacher_info` VALUES ('20', 'N', 'N', '36.6', '2020-02-27');
INSERT INTO `teacher_info` VALUES ('20', 'N', 'N', '36.2', '2020-02-28');
INSERT INTO `teacher_info` VALUES ('20', 'N', 'N', '36.0', '2020-02-29');
INSERT INTO `teacher_info` VALUES ('20', 'N', 'N', '36.6', '2020-03-01');
INSERT INTO `teacher_info` VALUES ('20', 'N', 'N', '36.2', '2020-03-02');
INSERT INTO `teacher_info` VALUES ('20', 'N', 'N', '36.1', '2020-03-03');
INSERT INTO `teacher_info` VALUES ('20', 'N', 'N', '37.0', '2020-03-04');
INSERT INTO `teacher_info` VALUES ('20', 'N', 'N', '36.7', '2020-03-05');
INSERT INTO `teacher_info` VALUES ('20', 'N', 'N', '36.2', '2020-03-06');
INSERT INTO `teacher_info` VALUES ('20', 'N', 'N', '36.1', '2020-03-07');
INSERT INTO `teacher_info` VALUES ('20', 'N', 'N', '36.2', '2020-03-08');
INSERT INTO `teacher_info` VALUES ('20', 'N', 'N', '36.4', '2020-03-09');
INSERT INTO `teacher_info` VALUES ('20', 'N', 'N', '36.5', '2020-03-10');
INSERT INTO `teacher_info` VALUES ('20', 'N', 'N', '36.5', '2020-03-11');
INSERT INTO `teacher_info` VALUES ('20', 'N', 'N', '36.6', '2020-03-12');
INSERT INTO `teacher_info` VALUES ('20', 'N', 'N', '36.7', '2020-03-13');
INSERT INTO `teacher_info` VALUES ('21', 'N', 'N', '36.9', '2020-02-19');
INSERT INTO `teacher_info` VALUES ('21', 'N', 'N', '36.6', '2020-02-20');
INSERT INTO `teacher_info` VALUES ('21', 'N', 'N', '37.0', '2020-02-21');
INSERT INTO `teacher_info` VALUES ('21', 'N', 'N', '36.6', '2020-02-22');
INSERT INTO `teacher_info` VALUES ('21', 'N', 'N', '36.4', '2020-02-23');
INSERT INTO `teacher_info` VALUES ('21', 'N', 'N', '36.5', '2020-02-24');
INSERT INTO `teacher_info` VALUES ('21', 'N', 'N', '36.4', '2020-02-25');
INSERT INTO `teacher_info` VALUES ('21', 'N', 'N', '36.4', '2020-02-26');
INSERT INTO `teacher_info` VALUES ('21', 'N', 'N', '36.9', '2020-02-27');
INSERT INTO `teacher_info` VALUES ('21', 'N', 'N', '36.4', '2020-02-28');
INSERT INTO `teacher_info` VALUES ('21', 'N', 'N', '36.8', '2020-02-29');
INSERT INTO `teacher_info` VALUES ('21', 'N', 'N', '36.9', '2020-03-01');
INSERT INTO `teacher_info` VALUES ('21', 'N', 'N', '36.1', '2020-03-02');
INSERT INTO `teacher_info` VALUES ('21', 'N', 'N', '36.0', '2020-03-03');
INSERT INTO `teacher_info` VALUES ('21', 'N', 'N', '36.4', '2020-03-04');
INSERT INTO `teacher_info` VALUES ('21', 'N', 'N', '36.2', '2020-03-05');
INSERT INTO `teacher_info` VALUES ('21', 'N', 'N', '36.2', '2020-03-06');
INSERT INTO `teacher_info` VALUES ('21', 'N', 'N', '36.4', '2020-03-07');
INSERT INTO `teacher_info` VALUES ('21', 'N', 'N', '36.7', '2020-03-08');
INSERT INTO `teacher_info` VALUES ('21', 'N', 'N', '36.5', '2020-03-09');
INSERT INTO `teacher_info` VALUES ('21', 'N', 'N', '36.8', '2020-03-10');
INSERT INTO `teacher_info` VALUES ('21', 'N', 'N', '36.6', '2020-03-11');
INSERT INTO `teacher_info` VALUES ('21', 'N', 'N', '36.4', '2020-03-12');
INSERT INTO `teacher_info` VALUES ('21', 'N', 'N', '36.4', '2020-03-13');
INSERT INTO `teacher_info` VALUES ('22', 'N', 'N', '36.8', '2020-02-19');
INSERT INTO `teacher_info` VALUES ('22', 'N', 'N', '36.2', '2020-02-20');
INSERT INTO `teacher_info` VALUES ('22', 'N', 'N', '36.7', '2020-02-21');
INSERT INTO `teacher_info` VALUES ('22', 'N', 'N', '36.8', '2020-02-22');
INSERT INTO `teacher_info` VALUES ('22', 'N', 'N', '36.7', '2020-02-23');
INSERT INTO `teacher_info` VALUES ('22', 'N', 'N', '36.7', '2020-02-24');
INSERT INTO `teacher_info` VALUES ('22', 'N', 'N', '36.9', '2020-02-25');
INSERT INTO `teacher_info` VALUES ('22', 'N', 'N', '36.9', '2020-02-26');
INSERT INTO `teacher_info` VALUES ('22', 'N', 'N', '36.7', '2020-02-27');
INSERT INTO `teacher_info` VALUES ('22', 'N', 'N', '36.9', '2020-02-28');
INSERT INTO `teacher_info` VALUES ('22', 'N', 'N', '36.1', '2020-02-29');
INSERT INTO `teacher_info` VALUES ('22', 'N', 'N', '37.0', '2020-03-01');
INSERT INTO `teacher_info` VALUES ('22', 'N', 'N', '36.9', '2020-03-02');
INSERT INTO `teacher_info` VALUES ('22', 'N', 'N', '36.5', '2020-03-03');
INSERT INTO `teacher_info` VALUES ('22', 'N', 'N', '36.4', '2020-03-04');
INSERT INTO `teacher_info` VALUES ('22', 'N', 'N', '36.1', '2020-03-05');
INSERT INTO `teacher_info` VALUES ('22', 'N', 'N', '36.4', '2020-03-06');
INSERT INTO `teacher_info` VALUES ('22', 'N', 'N', '36.8', '2020-03-07');
INSERT INTO `teacher_info` VALUES ('22', 'N', 'N', '36.9', '2020-03-08');
INSERT INTO `teacher_info` VALUES ('22', 'N', 'N', '36.7', '2020-03-09');
INSERT INTO `teacher_info` VALUES ('22', 'N', 'N', '37.0', '2020-03-10');
INSERT INTO `teacher_info` VALUES ('22', 'N', 'N', '36.3', '2020-03-11');
INSERT INTO `teacher_info` VALUES ('22', 'N', 'N', '36.5', '2020-03-12');
INSERT INTO `teacher_info` VALUES ('22', 'N', 'N', '36.8', '2020-03-13');
INSERT INTO `teacher_info` VALUES ('23', 'N', 'N', '36.9', '2020-02-19');
INSERT INTO `teacher_info` VALUES ('23', 'N', 'N', '36.6', '2020-02-20');
INSERT INTO `teacher_info` VALUES ('23', 'N', 'N', '36.8', '2020-02-21');
INSERT INTO `teacher_info` VALUES ('23', 'N', 'N', '36.2', '2020-02-22');
INSERT INTO `teacher_info` VALUES ('23', 'N', 'N', '36.3', '2020-02-23');
INSERT INTO `teacher_info` VALUES ('23', 'N', 'N', '36.7', '2020-02-24');
INSERT INTO `teacher_info` VALUES ('23', 'N', 'N', '36.9', '2020-02-25');
INSERT INTO `teacher_info` VALUES ('23', 'N', 'N', '36.4', '2020-02-26');
INSERT INTO `teacher_info` VALUES ('23', 'N', 'N', '36.6', '2020-02-27');
INSERT INTO `teacher_info` VALUES ('23', 'N', 'N', '36.1', '2020-02-28');
INSERT INTO `teacher_info` VALUES ('23', 'N', 'N', '37.0', '2020-02-29');
INSERT INTO `teacher_info` VALUES ('23', 'N', 'N', '36.9', '2020-03-01');
INSERT INTO `teacher_info` VALUES ('23', 'N', 'N', '36.5', '2020-03-02');
INSERT INTO `teacher_info` VALUES ('23', 'N', 'N', '36.9', '2020-03-03');
INSERT INTO `teacher_info` VALUES ('23', 'N', 'N', '36.1', '2020-03-04');
INSERT INTO `teacher_info` VALUES ('23', 'N', 'N', '36.1', '2020-03-05');
INSERT INTO `teacher_info` VALUES ('23', 'N', 'N', '36.9', '2020-03-06');
INSERT INTO `teacher_info` VALUES ('23', 'N', 'N', '36.6', '2020-03-07');
INSERT INTO `teacher_info` VALUES ('23', 'N', 'N', '36.7', '2020-03-08');
INSERT INTO `teacher_info` VALUES ('23', 'N', 'N', '36.6', '2020-03-09');
INSERT INTO `teacher_info` VALUES ('23', 'N', 'N', '36.5', '2020-03-10');
INSERT INTO `teacher_info` VALUES ('23', 'N', 'N', '36.6', '2020-03-11');
INSERT INTO `teacher_info` VALUES ('23', 'N', 'N', '36.7', '2020-03-12');
INSERT INTO `teacher_info` VALUES ('23', 'N', 'N', '36.2', '2020-03-13');
INSERT INTO `teacher_info` VALUES ('24', 'N', 'N', '36.4', '2020-02-19');
INSERT INTO `teacher_info` VALUES ('24', 'N', 'N', '36.1', '2020-02-20');
INSERT INTO `teacher_info` VALUES ('24', 'N', 'N', '36.3', '2020-02-21');
INSERT INTO `teacher_info` VALUES ('24', 'N', 'N', '36.4', '2020-02-22');
INSERT INTO `teacher_info` VALUES ('24', 'N', 'N', '36.7', '2020-02-23');
INSERT INTO `teacher_info` VALUES ('24', 'N', 'N', '36.5', '2020-02-24');
INSERT INTO `teacher_info` VALUES ('24', 'N', 'N', '36.6', '2020-02-25');
INSERT INTO `teacher_info` VALUES ('24', 'N', 'N', '36.8', '2020-02-26');
INSERT INTO `teacher_info` VALUES ('24', 'N', 'N', '36.6', '2020-02-27');
INSERT INTO `teacher_info` VALUES ('24', 'N', 'N', '37.0', '2020-02-28');
INSERT INTO `teacher_info` VALUES ('24', 'N', 'N', '36.4', '2020-02-29');
INSERT INTO `teacher_info` VALUES ('24', 'N', 'N', '36.9', '2020-03-01');
INSERT INTO `teacher_info` VALUES ('24', 'N', 'N', '37.0', '2020-03-02');
INSERT INTO `teacher_info` VALUES ('24', 'N', 'N', '36.3', '2020-03-03');
INSERT INTO `teacher_info` VALUES ('24', 'N', 'N', '36.3', '2020-03-04');
INSERT INTO `teacher_info` VALUES ('24', 'N', 'N', '36.1', '2020-03-05');
INSERT INTO `teacher_info` VALUES ('24', 'N', 'N', '36.9', '2020-03-06');
INSERT INTO `teacher_info` VALUES ('24', 'N', 'N', '36.6', '2020-03-07');
INSERT INTO `teacher_info` VALUES ('24', 'N', 'N', '36.4', '2020-03-08');
INSERT INTO `teacher_info` VALUES ('24', 'N', 'N', '36.4', '2020-03-09');
INSERT INTO `teacher_info` VALUES ('24', 'N', 'N', '36.9', '2020-03-10');
INSERT INTO `teacher_info` VALUES ('24', 'N', 'N', '36.1', '2020-03-11');
INSERT INTO `teacher_info` VALUES ('24', 'N', 'N', '36.8', '2020-03-12');
INSERT INTO `teacher_info` VALUES ('24', 'N', 'N', '36.5', '2020-03-13');
INSERT INTO `teacher_info` VALUES ('25', 'N', 'N', '36.2', '2020-02-19');
INSERT INTO `teacher_info` VALUES ('25', 'N', 'N', '36.9', '2020-02-20');
INSERT INTO `teacher_info` VALUES ('25', 'N', 'N', '36.7', '2020-02-21');
INSERT INTO `teacher_info` VALUES ('25', 'N', 'N', '36.6', '2020-02-22');
INSERT INTO `teacher_info` VALUES ('25', 'N', 'N', '36.8', '2020-02-23');
INSERT INTO `teacher_info` VALUES ('25', 'N', 'N', '36.9', '2020-02-24');
INSERT INTO `teacher_info` VALUES ('25', 'N', 'N', '36.4', '2020-02-25');
INSERT INTO `teacher_info` VALUES ('25', 'N', 'N', '37.0', '2020-02-26');
INSERT INTO `teacher_info` VALUES ('25', 'N', 'N', '36.8', '2020-02-27');
INSERT INTO `teacher_info` VALUES ('25', 'N', 'N', '36.8', '2020-02-28');
INSERT INTO `teacher_info` VALUES ('25', 'N', 'N', '36.5', '2020-02-29');
INSERT INTO `teacher_info` VALUES ('25', 'N', 'N', '36.5', '2020-03-01');
INSERT INTO `teacher_info` VALUES ('25', 'N', 'N', '36.7', '2020-03-02');
INSERT INTO `teacher_info` VALUES ('25', 'N', 'N', '36.6', '2020-03-03');
INSERT INTO `teacher_info` VALUES ('25', 'N', 'N', '36.5', '2020-03-04');
INSERT INTO `teacher_info` VALUES ('25', 'N', 'N', '36.9', '2020-03-05');
INSERT INTO `teacher_info` VALUES ('25', 'N', 'N', '36.2', '2020-03-06');
INSERT INTO `teacher_info` VALUES ('25', 'N', 'N', '36.3', '2020-03-07');
INSERT INTO `teacher_info` VALUES ('25', 'N', 'N', '36.6', '2020-03-08');
INSERT INTO `teacher_info` VALUES ('25', 'N', 'N', '36.3', '2020-03-09');
INSERT INTO `teacher_info` VALUES ('25', 'N', 'N', '37.0', '2020-03-10');
INSERT INTO `teacher_info` VALUES ('25', 'N', 'N', '36.2', '2020-03-11');
INSERT INTO `teacher_info` VALUES ('25', 'N', 'N', '37.0', '2020-03-12');
INSERT INTO `teacher_info` VALUES ('25', 'N', 'N', '36.7', '2020-03-13');
INSERT INTO `teacher_info` VALUES ('26', 'N', 'N', '36.5', '2020-02-19');
INSERT INTO `teacher_info` VALUES ('26', 'N', 'N', '36.9', '2020-02-20');
INSERT INTO `teacher_info` VALUES ('26', 'N', 'N', '36.5', '2020-02-21');
INSERT INTO `teacher_info` VALUES ('26', 'N', 'N', '36.3', '2020-02-22');
INSERT INTO `teacher_info` VALUES ('26', 'N', 'N', '36.3', '2020-02-23');
INSERT INTO `teacher_info` VALUES ('26', 'N', 'N', '36.7', '2020-02-24');
INSERT INTO `teacher_info` VALUES ('26', 'N', 'N', '36.0', '2020-02-25');
INSERT INTO `teacher_info` VALUES ('26', 'N', 'N', '36.1', '2020-02-26');
INSERT INTO `teacher_info` VALUES ('26', 'N', 'N', '36.9', '2020-02-27');
INSERT INTO `teacher_info` VALUES ('26', 'N', 'N', '36.9', '2020-02-28');
INSERT INTO `teacher_info` VALUES ('26', 'N', 'N', '36.9', '2020-02-29');
INSERT INTO `teacher_info` VALUES ('26', 'N', 'N', '36.1', '2020-03-01');
INSERT INTO `teacher_info` VALUES ('26', 'N', 'N', '36.4', '2020-03-02');
INSERT INTO `teacher_info` VALUES ('26', 'N', 'N', '36.8', '2020-03-03');
INSERT INTO `teacher_info` VALUES ('26', 'N', 'N', '36.0', '2020-03-04');
INSERT INTO `teacher_info` VALUES ('26', 'N', 'N', '36.2', '2020-03-05');
INSERT INTO `teacher_info` VALUES ('26', 'N', 'N', '36.3', '2020-03-06');
INSERT INTO `teacher_info` VALUES ('26', 'N', 'N', '36.7', '2020-03-07');
INSERT INTO `teacher_info` VALUES ('26', 'N', 'N', '36.0', '2020-03-08');
INSERT INTO `teacher_info` VALUES ('26', 'N', 'N', '36.2', '2020-03-09');
INSERT INTO `teacher_info` VALUES ('26', 'N', 'N', '36.5', '2020-03-10');
INSERT INTO `teacher_info` VALUES ('26', 'N', 'N', '36.9', '2020-03-11');
INSERT INTO `teacher_info` VALUES ('26', 'N', 'N', '36.1', '2020-03-12');
INSERT INTO `teacher_info` VALUES ('26', 'N', 'N', '36.0', '2020-03-13');
INSERT INTO `teacher_info` VALUES ('26', 'N', 'N', '36.6', '2020-03-14');
INSERT INTO `teacher_info` VALUES ('27', 'N', 'N', '36.9', '2020-02-19');
INSERT INTO `teacher_info` VALUES ('27', 'N', 'N', '36.5', '2020-02-20');
INSERT INTO `teacher_info` VALUES ('27', 'N', 'N', '36.7', '2020-02-21');
INSERT INTO `teacher_info` VALUES ('27', 'N', 'N', '37.0', '2020-02-22');
INSERT INTO `teacher_info` VALUES ('27', 'N', 'N', '36.3', '2020-02-23');
INSERT INTO `teacher_info` VALUES ('27', 'N', 'N', '36.9', '2020-02-24');
INSERT INTO `teacher_info` VALUES ('27', 'N', 'N', '36.3', '2020-02-25');
INSERT INTO `teacher_info` VALUES ('27', 'N', 'N', '36.6', '2020-02-26');
INSERT INTO `teacher_info` VALUES ('27', 'N', 'N', '36.1', '2020-02-27');
INSERT INTO `teacher_info` VALUES ('27', 'N', 'N', '36.4', '2020-02-28');
INSERT INTO `teacher_info` VALUES ('27', 'N', 'N', '36.1', '2020-02-29');
INSERT INTO `teacher_info` VALUES ('27', 'N', 'N', '36.1', '2020-03-01');
INSERT INTO `teacher_info` VALUES ('27', 'N', 'N', '36.6', '2020-03-02');
INSERT INTO `teacher_info` VALUES ('27', 'N', 'N', '36.2', '2020-03-03');
INSERT INTO `teacher_info` VALUES ('27', 'N', 'N', '36.6', '2020-03-04');
INSERT INTO `teacher_info` VALUES ('27', 'N', 'N', '36.1', '2020-03-05');
INSERT INTO `teacher_info` VALUES ('27', 'N', 'N', '36.9', '2020-03-06');
INSERT INTO `teacher_info` VALUES ('27', 'N', 'N', '36.4', '2020-03-07');
INSERT INTO `teacher_info` VALUES ('27', 'N', 'N', '36.7', '2020-03-08');
INSERT INTO `teacher_info` VALUES ('27', 'N', 'N', '36.9', '2020-03-09');
INSERT INTO `teacher_info` VALUES ('27', 'N', 'N', '36.2', '2020-03-10');
INSERT INTO `teacher_info` VALUES ('27', 'N', 'N', '36.7', '2020-03-11');
INSERT INTO `teacher_info` VALUES ('27', 'N', 'N', '36.7', '2020-03-12');
INSERT INTO `teacher_info` VALUES ('27', 'N', 'N', '36.3', '2020-03-13');
INSERT INTO `teacher_info` VALUES ('28', 'N', 'N', '36.0', '2020-02-19');
INSERT INTO `teacher_info` VALUES ('28', 'N', 'N', '36.3', '2020-02-20');
INSERT INTO `teacher_info` VALUES ('28', 'N', 'N', '36.8', '2020-02-21');
INSERT INTO `teacher_info` VALUES ('28', 'N', 'N', '36.7', '2020-02-22');
INSERT INTO `teacher_info` VALUES ('28', 'N', 'N', '37.0', '2020-02-23');
INSERT INTO `teacher_info` VALUES ('28', 'N', 'N', '36.8', '2020-02-24');
INSERT INTO `teacher_info` VALUES ('28', 'N', 'N', '36.2', '2020-02-25');
INSERT INTO `teacher_info` VALUES ('28', 'N', 'N', '36.7', '2020-02-26');
INSERT INTO `teacher_info` VALUES ('28', 'N', 'N', '36.6', '2020-02-27');
INSERT INTO `teacher_info` VALUES ('28', 'N', 'N', '36.6', '2020-02-28');
INSERT INTO `teacher_info` VALUES ('28', 'N', 'N', '36.3', '2020-02-29');
INSERT INTO `teacher_info` VALUES ('28', 'N', 'N', '36.3', '2020-03-01');
INSERT INTO `teacher_info` VALUES ('28', 'N', 'N', '36.7', '2020-03-02');
INSERT INTO `teacher_info` VALUES ('28', 'N', 'N', '36.6', '2020-03-03');
INSERT INTO `teacher_info` VALUES ('28', 'N', 'N', '36.8', '2020-03-04');
INSERT INTO `teacher_info` VALUES ('28', 'N', 'N', '36.3', '2020-03-05');
INSERT INTO `teacher_info` VALUES ('28', 'N', 'N', '37.0', '2020-03-06');
INSERT INTO `teacher_info` VALUES ('28', 'N', 'N', '36.5', '2020-03-07');
INSERT INTO `teacher_info` VALUES ('28', 'N', 'N', '36.3', '2020-03-08');
INSERT INTO `teacher_info` VALUES ('28', 'N', 'N', '36.0', '2020-03-09');
INSERT INTO `teacher_info` VALUES ('28', 'N', 'N', '36.3', '2020-03-10');
INSERT INTO `teacher_info` VALUES ('28', 'N', 'N', '37.0', '2020-03-11');
INSERT INTO `teacher_info` VALUES ('28', 'N', 'N', '36.6', '2020-03-12');
INSERT INTO `teacher_info` VALUES ('28', 'N', 'N', '36.8', '2020-03-13');
INSERT INTO `teacher_info` VALUES ('29', 'N', 'N', '36.6', '2020-02-19');
INSERT INTO `teacher_info` VALUES ('29', 'N', 'N', '36.0', '2020-02-20');
INSERT INTO `teacher_info` VALUES ('29', 'N', 'N', '36.7', '2020-02-21');
INSERT INTO `teacher_info` VALUES ('29', 'N', 'N', '36.8', '2020-02-22');
INSERT INTO `teacher_info` VALUES ('29', 'N', 'N', '36.7', '2020-02-23');
INSERT INTO `teacher_info` VALUES ('29', 'N', 'N', '36.8', '2020-02-24');
INSERT INTO `teacher_info` VALUES ('29', 'N', 'N', '37.0', '2020-02-25');
INSERT INTO `teacher_info` VALUES ('29', 'N', 'N', '36.1', '2020-02-26');
INSERT INTO `teacher_info` VALUES ('29', 'N', 'N', '37.0', '2020-02-27');
INSERT INTO `teacher_info` VALUES ('29', 'N', 'N', '36.9', '2020-02-28');
INSERT INTO `teacher_info` VALUES ('29', 'N', 'N', '37.0', '2020-02-29');
INSERT INTO `teacher_info` VALUES ('29', 'N', 'N', '36.3', '2020-03-01');
INSERT INTO `teacher_info` VALUES ('29', 'N', 'N', '36.8', '2020-03-02');
INSERT INTO `teacher_info` VALUES ('29', 'N', 'N', '36.6', '2020-03-03');
INSERT INTO `teacher_info` VALUES ('29', 'N', 'N', '36.4', '2020-03-04');
INSERT INTO `teacher_info` VALUES ('29', 'N', 'N', '36.1', '2020-03-05');
INSERT INTO `teacher_info` VALUES ('29', 'N', 'N', '36.4', '2020-03-06');
INSERT INTO `teacher_info` VALUES ('29', 'N', 'N', '36.2', '2020-03-07');
INSERT INTO `teacher_info` VALUES ('29', 'N', 'N', '36.2', '2020-03-08');
INSERT INTO `teacher_info` VALUES ('29', 'N', 'N', '36.8', '2020-03-09');
INSERT INTO `teacher_info` VALUES ('29', 'N', 'N', '36.8', '2020-03-10');
INSERT INTO `teacher_info` VALUES ('29', 'N', 'N', '36.9', '2020-03-11');
INSERT INTO `teacher_info` VALUES ('29', 'N', 'N', '36.9', '2020-03-12');
INSERT INTO `teacher_info` VALUES ('30', 'N', 'N', '36.9', '2020-02-19');
INSERT INTO `teacher_info` VALUES ('30', 'N', 'N', '36.4', '2020-02-20');
INSERT INTO `teacher_info` VALUES ('30', 'N', 'N', '36.1', '2020-02-21');
INSERT INTO `teacher_info` VALUES ('30', 'N', 'N', '36.7', '2020-02-22');
INSERT INTO `teacher_info` VALUES ('30', 'N', 'N', '36.6', '2020-02-23');
INSERT INTO `teacher_info` VALUES ('30', 'N', 'N', '36.8', '2020-02-24');
INSERT INTO `teacher_info` VALUES ('30', 'N', 'N', '36.5', '2020-02-25');
INSERT INTO `teacher_info` VALUES ('30', 'N', 'N', '36.9', '2020-02-26');
INSERT INTO `teacher_info` VALUES ('30', 'N', 'N', '36.8', '2020-02-27');
INSERT INTO `teacher_info` VALUES ('30', 'N', 'N', '36.4', '2020-02-28');
INSERT INTO `teacher_info` VALUES ('30', 'N', 'N', '36.9', '2020-02-29');
INSERT INTO `teacher_info` VALUES ('30', 'N', 'N', '36.1', '2020-03-01');
INSERT INTO `teacher_info` VALUES ('30', 'N', 'N', '36.3', '2020-03-02');
INSERT INTO `teacher_info` VALUES ('30', 'N', 'N', '36.8', '2020-03-03');
INSERT INTO `teacher_info` VALUES ('30', 'N', 'N', '36.4', '2020-03-04');
INSERT INTO `teacher_info` VALUES ('30', 'N', 'N', '36.6', '2020-03-05');
INSERT INTO `teacher_info` VALUES ('30', 'N', 'N', '37.0', '2020-03-06');
INSERT INTO `teacher_info` VALUES ('30', 'N', 'N', '36.5', '2020-03-07');
INSERT INTO `teacher_info` VALUES ('30', 'N', 'N', '36.2', '2020-03-08');
INSERT INTO `teacher_info` VALUES ('30', 'N', 'N', '36.5', '2020-03-09');
INSERT INTO `teacher_info` VALUES ('30', 'N', 'N', '36.3', '2020-03-10');
INSERT INTO `teacher_info` VALUES ('30', 'N', 'N', '36.2', '2020-03-11');
INSERT INTO `teacher_info` VALUES ('30', 'N', 'N', '36.4', '2020-03-12');
INSERT INTO `teacher_info` VALUES ('30', 'N', 'N', '36.9', '2020-03-13');
INSERT INTO `teacher_info` VALUES ('31', 'N', 'N', '36.4', '2020-02-19');
INSERT INTO `teacher_info` VALUES ('31', 'N', 'N', '36.5', '2020-02-20');
INSERT INTO `teacher_info` VALUES ('31', 'N', 'N', '36.8', '2020-02-21');
INSERT INTO `teacher_info` VALUES ('31', 'N', 'N', '36.1', '2020-02-22');
INSERT INTO `teacher_info` VALUES ('31', 'N', 'N', '36.6', '2020-02-23');
INSERT INTO `teacher_info` VALUES ('31', 'N', 'N', '36.9', '2020-02-24');
INSERT INTO `teacher_info` VALUES ('31', 'N', 'N', '36.4', '2020-02-25');
INSERT INTO `teacher_info` VALUES ('31', 'N', 'N', '36.8', '2020-02-26');
INSERT INTO `teacher_info` VALUES ('31', 'N', 'N', '36.1', '2020-02-27');
INSERT INTO `teacher_info` VALUES ('31', 'N', 'N', '36.1', '2020-02-28');
INSERT INTO `teacher_info` VALUES ('31', 'N', 'N', '36.3', '2020-02-29');
INSERT INTO `teacher_info` VALUES ('31', 'N', 'N', '36.9', '2020-03-01');
INSERT INTO `teacher_info` VALUES ('31', 'N', 'N', '36.2', '2020-03-02');
INSERT INTO `teacher_info` VALUES ('31', 'N', 'N', '36.2', '2020-03-03');
INSERT INTO `teacher_info` VALUES ('31', 'N', 'N', '36.7', '2020-03-04');
INSERT INTO `teacher_info` VALUES ('31', 'N', 'N', '36.2', '2020-03-05');
INSERT INTO `teacher_info` VALUES ('31', 'N', 'N', '36.6', '2020-03-06');
INSERT INTO `teacher_info` VALUES ('31', 'N', 'N', '36.0', '2020-03-07');
INSERT INTO `teacher_info` VALUES ('31', 'N', 'N', '36.7', '2020-03-08');
INSERT INTO `teacher_info` VALUES ('31', 'N', 'N', '36.1', '2020-03-09');
INSERT INTO `teacher_info` VALUES ('31', 'N', 'N', '36.9', '2020-03-10');
INSERT INTO `teacher_info` VALUES ('31', 'N', 'N', '36.7', '2020-03-11');
INSERT INTO `teacher_info` VALUES ('31', 'N', 'N', '36.2', '2020-03-12');
INSERT INTO `teacher_info` VALUES ('31', 'N', 'N', '36.9', '2020-03-13');
INSERT INTO `teacher_info` VALUES ('31', 'N', 'N', '36.4', '2020-03-14');
INSERT INTO `teacher_info` VALUES ('32', 'N', 'N', '36.2', '2020-02-19');
INSERT INTO `teacher_info` VALUES ('32', 'N', 'N', '36.0', '2020-02-20');
INSERT INTO `teacher_info` VALUES ('32', 'N', 'N', '36.7', '2020-02-21');
INSERT INTO `teacher_info` VALUES ('32', 'N', 'N', '36.5', '2020-02-22');
INSERT INTO `teacher_info` VALUES ('32', 'N', 'N', '36.5', '2020-02-23');
INSERT INTO `teacher_info` VALUES ('32', 'N', 'N', '36.2', '2020-02-24');
INSERT INTO `teacher_info` VALUES ('32', 'N', 'N', '36.0', '2020-02-25');
INSERT INTO `teacher_info` VALUES ('32', 'N', 'N', '36.2', '2020-02-26');
INSERT INTO `teacher_info` VALUES ('32', 'N', 'N', '36.3', '2020-02-27');
INSERT INTO `teacher_info` VALUES ('32', 'N', 'N', '36.7', '2020-02-28');
INSERT INTO `teacher_info` VALUES ('32', 'N', 'N', '36.8', '2020-02-29');
INSERT INTO `teacher_info` VALUES ('32', 'N', 'N', '37.0', '2020-03-01');
INSERT INTO `teacher_info` VALUES ('32', 'N', 'N', '36.8', '2020-03-02');
INSERT INTO `teacher_info` VALUES ('32', 'N', 'N', '36.8', '2020-03-03');
INSERT INTO `teacher_info` VALUES ('32', 'N', 'N', '36.4', '2020-03-04');
INSERT INTO `teacher_info` VALUES ('32', 'N', 'N', '36.2', '2020-03-05');
INSERT INTO `teacher_info` VALUES ('32', 'N', 'N', '36.2', '2020-03-06');
INSERT INTO `teacher_info` VALUES ('32', 'N', 'N', '37.0', '2020-03-07');
INSERT INTO `teacher_info` VALUES ('32', 'N', 'N', '36.8', '2020-03-08');
INSERT INTO `teacher_info` VALUES ('32', 'N', 'N', '36.7', '2020-03-09');
INSERT INTO `teacher_info` VALUES ('32', 'N', 'N', '36.3', '2020-03-10');
INSERT INTO `teacher_info` VALUES ('32', 'N', 'N', '36.4', '2020-03-11');
INSERT INTO `teacher_info` VALUES ('32', 'N', 'N', '36.1', '2020-03-12');
INSERT INTO `teacher_info` VALUES ('32', 'N', 'N', '36.8', '2020-03-13');
INSERT INTO `teacher_info` VALUES ('33', 'N', 'N', '36.7', '2020-02-19');
INSERT INTO `teacher_info` VALUES ('33', 'N', 'N', '36.4', '2020-02-20');
INSERT INTO `teacher_info` VALUES ('33', 'N', 'N', '36.8', '2020-02-21');
INSERT INTO `teacher_info` VALUES ('33', 'N', 'N', '36.1', '2020-02-22');
INSERT INTO `teacher_info` VALUES ('33', 'N', 'N', '36.4', '2020-02-23');
INSERT INTO `teacher_info` VALUES ('33', 'N', 'N', '36.7', '2020-02-24');
INSERT INTO `teacher_info` VALUES ('33', 'N', 'N', '36.2', '2020-02-25');
INSERT INTO `teacher_info` VALUES ('33', 'N', 'N', '36.1', '2020-02-26');
INSERT INTO `teacher_info` VALUES ('33', 'N', 'N', '36.2', '2020-02-27');
INSERT INTO `teacher_info` VALUES ('33', 'N', 'N', '36.4', '2020-02-28');
INSERT INTO `teacher_info` VALUES ('33', 'N', 'N', '36.6', '2020-02-29');
INSERT INTO `teacher_info` VALUES ('33', 'N', 'N', '36.2', '2020-03-01');
INSERT INTO `teacher_info` VALUES ('33', 'N', 'N', '36.4', '2020-03-02');
INSERT INTO `teacher_info` VALUES ('33', 'N', 'N', '36.3', '2020-03-03');
INSERT INTO `teacher_info` VALUES ('33', 'N', 'N', '36.9', '2020-03-04');
INSERT INTO `teacher_info` VALUES ('33', 'N', 'N', '36.8', '2020-03-05');
INSERT INTO `teacher_info` VALUES ('33', 'N', 'N', '36.8', '2020-03-06');
INSERT INTO `teacher_info` VALUES ('33', 'N', 'N', '36.9', '2020-03-07');
INSERT INTO `teacher_info` VALUES ('33', 'N', 'N', '36.9', '2020-03-08');
INSERT INTO `teacher_info` VALUES ('33', 'N', 'N', '36.4', '2020-03-09');
INSERT INTO `teacher_info` VALUES ('33', 'N', 'N', '36.2', '2020-03-10');
INSERT INTO `teacher_info` VALUES ('33', 'N', 'N', '36.5', '2020-03-11');
INSERT INTO `teacher_info` VALUES ('33', 'N', 'N', '36.6', '2020-03-12');
INSERT INTO `teacher_info` VALUES ('33', 'N', 'N', '36.8', '2020-03-13');
INSERT INTO `teacher_info` VALUES ('34', 'N', 'N', '36.1', '2020-02-19');
INSERT INTO `teacher_info` VALUES ('34', 'N', 'N', '36.3', '2020-02-20');
INSERT INTO `teacher_info` VALUES ('34', 'N', 'N', '36.9', '2020-02-21');
INSERT INTO `teacher_info` VALUES ('34', 'N', 'N', '36.2', '2020-02-22');
INSERT INTO `teacher_info` VALUES ('34', 'N', 'N', '36.1', '2020-02-23');
INSERT INTO `teacher_info` VALUES ('34', 'N', 'N', '36.3', '2020-02-24');
INSERT INTO `teacher_info` VALUES ('34', 'N', 'N', '36.6', '2020-02-25');
INSERT INTO `teacher_info` VALUES ('34', 'N', 'N', '36.6', '2020-02-26');
INSERT INTO `teacher_info` VALUES ('34', 'N', 'N', '36.2', '2020-02-27');
INSERT INTO `teacher_info` VALUES ('34', 'N', 'N', '36.9', '2020-02-28');
INSERT INTO `teacher_info` VALUES ('34', 'N', 'N', '36.8', '2020-02-29');
INSERT INTO `teacher_info` VALUES ('34', 'N', 'N', '36.8', '2020-03-01');
INSERT INTO `teacher_info` VALUES ('34', 'N', 'N', '36.9', '2020-03-02');
INSERT INTO `teacher_info` VALUES ('34', 'N', 'N', '36.3', '2020-03-03');
INSERT INTO `teacher_info` VALUES ('34', 'N', 'N', '36.2', '2020-03-04');
INSERT INTO `teacher_info` VALUES ('34', 'N', 'N', '36.4', '2020-03-05');
INSERT INTO `teacher_info` VALUES ('34', 'N', 'N', '36.5', '2020-03-06');
INSERT INTO `teacher_info` VALUES ('34', 'N', 'N', '36.4', '2020-03-07');
INSERT INTO `teacher_info` VALUES ('34', 'N', 'N', '36.3', '2020-03-08');
INSERT INTO `teacher_info` VALUES ('34', 'N', 'N', '36.6', '2020-03-09');
INSERT INTO `teacher_info` VALUES ('34', 'N', 'N', '36.2', '2020-03-10');
INSERT INTO `teacher_info` VALUES ('34', 'N', 'N', '36.0', '2020-03-11');
INSERT INTO `teacher_info` VALUES ('34', 'N', 'N', '36.5', '2020-03-12');
INSERT INTO `teacher_info` VALUES ('34', 'N', 'N', '36.4', '2020-03-13');
INSERT INTO `teacher_info` VALUES ('35', 'N', 'N', '36.1', '2020-02-19');
INSERT INTO `teacher_info` VALUES ('35', 'N', 'N', '36.5', '2020-02-20');
INSERT INTO `teacher_info` VALUES ('35', 'N', 'N', '36.5', '2020-02-21');
INSERT INTO `teacher_info` VALUES ('35', 'N', 'N', '37.0', '2020-02-22');
INSERT INTO `teacher_info` VALUES ('35', 'N', 'N', '37.0', '2020-02-23');
INSERT INTO `teacher_info` VALUES ('35', 'N', 'N', '36.7', '2020-02-24');
INSERT INTO `teacher_info` VALUES ('35', 'N', 'N', '36.7', '2020-02-25');
INSERT INTO `teacher_info` VALUES ('35', 'N', 'N', '36.5', '2020-02-26');
INSERT INTO `teacher_info` VALUES ('35', 'N', 'N', '36.7', '2020-02-27');
INSERT INTO `teacher_info` VALUES ('35', 'N', 'N', '36.3', '2020-02-28');
INSERT INTO `teacher_info` VALUES ('35', 'N', 'N', '36.6', '2020-02-29');
INSERT INTO `teacher_info` VALUES ('35', 'N', 'N', '36.4', '2020-03-01');
INSERT INTO `teacher_info` VALUES ('35', 'N', 'N', '36.5', '2020-03-02');
INSERT INTO `teacher_info` VALUES ('35', 'N', 'N', '36.9', '2020-03-03');
INSERT INTO `teacher_info` VALUES ('35', 'N', 'N', '36.7', '2020-03-04');
INSERT INTO `teacher_info` VALUES ('35', 'N', 'N', '36.7', '2020-03-05');
INSERT INTO `teacher_info` VALUES ('35', 'N', 'N', '36.6', '2020-03-06');
INSERT INTO `teacher_info` VALUES ('35', 'N', 'N', '37.0', '2020-03-07');
INSERT INTO `teacher_info` VALUES ('35', 'N', 'N', '36.3', '2020-03-08');
INSERT INTO `teacher_info` VALUES ('35', 'N', 'N', '36.3', '2020-03-09');
INSERT INTO `teacher_info` VALUES ('35', 'N', 'N', '36.3', '2020-03-10');
INSERT INTO `teacher_info` VALUES ('35', 'N', 'N', '36.4', '2020-03-11');
INSERT INTO `teacher_info` VALUES ('35', 'N', 'N', '36.3', '2020-03-12');
INSERT INTO `teacher_info` VALUES ('35', 'N', 'N', '36.1', '2020-03-13');
INSERT INTO `teacher_info` VALUES ('36', 'N', 'N', '36.6', '2020-02-19');
INSERT INTO `teacher_info` VALUES ('36', 'N', 'N', '36.8', '2020-02-20');
INSERT INTO `teacher_info` VALUES ('36', 'N', 'N', '36.6', '2020-02-21');
INSERT INTO `teacher_info` VALUES ('36', 'N', 'N', '36.2', '2020-02-22');
INSERT INTO `teacher_info` VALUES ('36', 'N', 'N', '36.4', '2020-02-23');
INSERT INTO `teacher_info` VALUES ('36', 'N', 'N', '36.2', '2020-02-24');
INSERT INTO `teacher_info` VALUES ('36', 'N', 'N', '36.3', '2020-02-25');
INSERT INTO `teacher_info` VALUES ('36', 'N', 'N', '36.6', '2020-02-26');
INSERT INTO `teacher_info` VALUES ('36', 'N', 'N', '36.4', '2020-02-27');
INSERT INTO `teacher_info` VALUES ('36', 'N', 'N', '36.2', '2020-02-28');
INSERT INTO `teacher_info` VALUES ('36', 'N', 'N', '36.9', '2020-02-29');
INSERT INTO `teacher_info` VALUES ('36', 'N', 'N', '36.2', '2020-03-01');
INSERT INTO `teacher_info` VALUES ('36', 'N', 'N', '36.2', '2020-03-02');
INSERT INTO `teacher_info` VALUES ('36', 'N', 'N', '36.2', '2020-03-03');
INSERT INTO `teacher_info` VALUES ('36', 'N', 'N', '36.5', '2020-03-04');
INSERT INTO `teacher_info` VALUES ('36', 'N', 'N', '36.3', '2020-03-05');
INSERT INTO `teacher_info` VALUES ('36', 'N', 'N', '36.4', '2020-03-06');
INSERT INTO `teacher_info` VALUES ('36', 'N', 'N', '37.0', '2020-03-07');
INSERT INTO `teacher_info` VALUES ('36', 'N', 'N', '36.2', '2020-03-08');
INSERT INTO `teacher_info` VALUES ('36', 'N', 'N', '36.4', '2020-03-09');
INSERT INTO `teacher_info` VALUES ('36', 'N', 'N', '36.5', '2020-03-10');
INSERT INTO `teacher_info` VALUES ('36', 'N', 'N', '36.9', '2020-03-11');
INSERT INTO `teacher_info` VALUES ('36', 'N', 'N', '36.6', '2020-03-12');
INSERT INTO `teacher_info` VALUES ('36', 'N', 'N', '36.6', '2020-03-13');
INSERT INTO `teacher_info` VALUES ('37', 'N', 'N', '36.9', '2020-02-19');
INSERT INTO `teacher_info` VALUES ('37', 'N', 'N', '36.5', '2020-02-20');
INSERT INTO `teacher_info` VALUES ('37', 'N', 'N', '36.0', '2020-02-21');
INSERT INTO `teacher_info` VALUES ('37', 'N', 'N', '36.1', '2020-02-22');
INSERT INTO `teacher_info` VALUES ('37', 'N', 'N', '36.8', '2020-02-23');
INSERT INTO `teacher_info` VALUES ('37', 'N', 'N', '36.2', '2020-02-24');
INSERT INTO `teacher_info` VALUES ('37', 'Y', 'Y', '37.7', '2020-02-25');
INSERT INTO `teacher_info` VALUES ('37', 'Y', 'Y', '37.8', '2020-02-26');
INSERT INTO `teacher_info` VALUES ('37', 'Y', 'Y', '38.0', '2020-02-27');
INSERT INTO `teacher_info` VALUES ('37', 'Y', 'Y', '36.0', '2020-02-28');
INSERT INTO `teacher_info` VALUES ('37', 'Y', 'Y', '36.8', '2020-02-29');
INSERT INTO `teacher_info` VALUES ('37', 'Y', 'Y', '37.0', '2020-03-01');
INSERT INTO `teacher_info` VALUES ('37', 'N', 'N', '37.0', '2020-03-02');
INSERT INTO `teacher_info` VALUES ('37', 'N', 'N', '36.6', '2020-03-03');
INSERT INTO `teacher_info` VALUES ('37', 'N', 'N', '36.6', '2020-03-04');
INSERT INTO `teacher_info` VALUES ('37', 'N', 'N', '36.8', '2020-03-05');
INSERT INTO `teacher_info` VALUES ('37', 'N', 'N', '36.4', '2020-03-06');
INSERT INTO `teacher_info` VALUES ('37', 'N', 'N', '36.1', '2020-03-07');
INSERT INTO `teacher_info` VALUES ('37', 'N', 'N', '36.0', '2020-03-08');
INSERT INTO `teacher_info` VALUES ('37', 'N', 'N', '36.2', '2020-03-09');
INSERT INTO `teacher_info` VALUES ('37', 'N', 'N', '36.7', '2020-03-10');
INSERT INTO `teacher_info` VALUES ('37', 'N', 'N', '36.6', '2020-03-11');
INSERT INTO `teacher_info` VALUES ('37', 'N', 'N', '36.0', '2020-03-12');
INSERT INTO `teacher_info` VALUES ('37', 'N', 'N', '36.9', '2020-03-13');
INSERT INTO `teacher_info` VALUES ('38', 'N', 'N', '36.2', '2020-02-19');
INSERT INTO `teacher_info` VALUES ('38', 'N', 'N', '36.2', '2020-02-20');
INSERT INTO `teacher_info` VALUES ('38', 'N', 'N', '36.2', '2020-02-21');
INSERT INTO `teacher_info` VALUES ('38', 'N', 'N', '36.6', '2020-02-22');
INSERT INTO `teacher_info` VALUES ('38', 'N', 'N', '36.9', '2020-02-23');
INSERT INTO `teacher_info` VALUES ('38', 'N', 'N', '36.9', '2020-02-24');
INSERT INTO `teacher_info` VALUES ('38', 'N', 'N', '36.3', '2020-02-25');
INSERT INTO `teacher_info` VALUES ('38', 'N', 'N', '36.5', '2020-02-26');
INSERT INTO `teacher_info` VALUES ('38', 'N', 'N', '36.2', '2020-02-27');
INSERT INTO `teacher_info` VALUES ('38', 'N', 'N', '36.3', '2020-02-28');
INSERT INTO `teacher_info` VALUES ('38', 'N', 'N', '36.1', '2020-02-29');
INSERT INTO `teacher_info` VALUES ('38', 'N', 'N', '36.7', '2020-03-01');
INSERT INTO `teacher_info` VALUES ('38', 'N', 'N', '36.5', '2020-03-02');
INSERT INTO `teacher_info` VALUES ('38', 'N', 'N', '36.0', '2020-03-03');
INSERT INTO `teacher_info` VALUES ('38', 'N', 'N', '36.6', '2020-03-04');
INSERT INTO `teacher_info` VALUES ('38', 'N', 'N', '36.6', '2020-03-05');
INSERT INTO `teacher_info` VALUES ('38', 'N', 'N', '36.0', '2020-03-06');
INSERT INTO `teacher_info` VALUES ('38', 'N', 'N', '36.2', '2020-03-07');
INSERT INTO `teacher_info` VALUES ('38', 'N', 'N', '36.5', '2020-03-08');
INSERT INTO `teacher_info` VALUES ('38', 'N', 'N', '36.2', '2020-03-09');
INSERT INTO `teacher_info` VALUES ('38', 'N', 'N', '36.5', '2020-03-10');
INSERT INTO `teacher_info` VALUES ('38', 'N', 'N', '36.2', '2020-03-11');
INSERT INTO `teacher_info` VALUES ('38', 'N', 'N', '36.3', '2020-03-12');
INSERT INTO `teacher_info` VALUES ('38', 'N', 'N', '37.0', '2020-03-13');
INSERT INTO `teacher_info` VALUES ('39', 'N', 'N', '36.4', '2020-02-19');
INSERT INTO `teacher_info` VALUES ('39', 'N', 'N', '36.6', '2020-02-20');
INSERT INTO `teacher_info` VALUES ('39', 'N', 'N', '36.0', '2020-02-21');
INSERT INTO `teacher_info` VALUES ('39', 'N', 'N', '36.7', '2020-02-22');
INSERT INTO `teacher_info` VALUES ('39', 'N', 'N', '36.9', '2020-02-23');
INSERT INTO `teacher_info` VALUES ('39', 'N', 'N', '36.7', '2020-02-24');
INSERT INTO `teacher_info` VALUES ('39', 'N', 'N', '36.7', '2020-02-25');
INSERT INTO `teacher_info` VALUES ('39', 'N', 'N', '36.4', '2020-02-26');
INSERT INTO `teacher_info` VALUES ('39', 'N', 'N', '37.0', '2020-02-27');
INSERT INTO `teacher_info` VALUES ('39', 'N', 'N', '36.2', '2020-02-28');
INSERT INTO `teacher_info` VALUES ('39', 'N', 'N', '36.1', '2020-02-29');
INSERT INTO `teacher_info` VALUES ('39', 'N', 'N', '36.3', '2020-03-01');
INSERT INTO `teacher_info` VALUES ('39', 'N', 'N', '36.4', '2020-03-02');
INSERT INTO `teacher_info` VALUES ('39', 'N', 'N', '36.9', '2020-03-03');
INSERT INTO `teacher_info` VALUES ('39', 'N', 'N', '36.8', '2020-03-04');
INSERT INTO `teacher_info` VALUES ('39', 'N', 'N', '36.3', '2020-03-05');
INSERT INTO `teacher_info` VALUES ('39', 'N', 'N', '36.1', '2020-03-06');
INSERT INTO `teacher_info` VALUES ('39', 'N', 'N', '36.6', '2020-03-07');
INSERT INTO `teacher_info` VALUES ('39', 'N', 'N', '36.3', '2020-03-08');
INSERT INTO `teacher_info` VALUES ('39', 'N', 'N', '36.8', '2020-03-09');
INSERT INTO `teacher_info` VALUES ('39', 'N', 'N', '36.4', '2020-03-10');
INSERT INTO `teacher_info` VALUES ('39', 'N', 'N', '36.4', '2020-03-11');
INSERT INTO `teacher_info` VALUES ('39', 'N', 'N', '36.9', '2020-03-12');
INSERT INTO `teacher_info` VALUES ('39', 'N', 'N', '36.1', '2020-03-13');
INSERT INTO `teacher_info` VALUES ('40', 'N', 'N', '36.2', '2020-02-19');
INSERT INTO `teacher_info` VALUES ('40', 'N', 'N', '36.1', '2020-02-20');
INSERT INTO `teacher_info` VALUES ('40', 'N', 'N', '36.0', '2020-02-21');
INSERT INTO `teacher_info` VALUES ('40', 'N', 'N', '36.1', '2020-02-22');
INSERT INTO `teacher_info` VALUES ('40', 'N', 'N', '36.2', '2020-02-23');
INSERT INTO `teacher_info` VALUES ('40', 'N', 'N', '36.5', '2020-02-24');
INSERT INTO `teacher_info` VALUES ('40', 'N', 'N', '36.4', '2020-02-25');
INSERT INTO `teacher_info` VALUES ('40', 'N', 'N', '36.3', '2020-02-26');
INSERT INTO `teacher_info` VALUES ('40', 'N', 'N', '36.2', '2020-02-27');
INSERT INTO `teacher_info` VALUES ('40', 'N', 'N', '36.6', '2020-02-28');
INSERT INTO `teacher_info` VALUES ('40', 'N', 'N', '36.3', '2020-02-29');
INSERT INTO `teacher_info` VALUES ('40', 'N', 'N', '37.0', '2020-03-01');
INSERT INTO `teacher_info` VALUES ('40', 'N', 'N', '36.0', '2020-03-02');
INSERT INTO `teacher_info` VALUES ('40', 'N', 'N', '36.1', '2020-03-03');
INSERT INTO `teacher_info` VALUES ('40', 'N', 'N', '36.8', '2020-03-04');
INSERT INTO `teacher_info` VALUES ('40', 'N', 'N', '36.8', '2020-03-05');
INSERT INTO `teacher_info` VALUES ('40', 'N', 'N', '36.3', '2020-03-06');
INSERT INTO `teacher_info` VALUES ('40', 'N', 'N', '36.5', '2020-03-07');
INSERT INTO `teacher_info` VALUES ('40', 'N', 'N', '36.1', '2020-03-08');
INSERT INTO `teacher_info` VALUES ('40', 'N', 'N', '36.7', '2020-03-09');
INSERT INTO `teacher_info` VALUES ('40', 'N', 'N', '36.0', '2020-03-10');
INSERT INTO `teacher_info` VALUES ('40', 'N', 'N', '36.3', '2020-03-11');
INSERT INTO `teacher_info` VALUES ('40', 'N', 'N', '36.5', '2020-03-12');
INSERT INTO `teacher_info` VALUES ('40', 'N', 'N', '36.7', '2020-03-13');
INSERT INTO `teacher_info` VALUES ('41', 'N', 'N', '36.7', '2020-02-19');
INSERT INTO `teacher_info` VALUES ('41', 'N', 'N', '36.7', '2020-02-20');
INSERT INTO `teacher_info` VALUES ('41', 'N', 'N', '36.3', '2020-02-21');
INSERT INTO `teacher_info` VALUES ('41', 'N', 'N', '36.3', '2020-02-22');
INSERT INTO `teacher_info` VALUES ('41', 'N', 'N', '36.9', '2020-02-23');
INSERT INTO `teacher_info` VALUES ('41', 'N', 'N', '36.6', '2020-02-24');
INSERT INTO `teacher_info` VALUES ('41', 'N', 'N', '36.1', '2020-02-25');
INSERT INTO `teacher_info` VALUES ('41', 'N', 'N', '36.9', '2020-02-26');
INSERT INTO `teacher_info` VALUES ('41', 'N', 'N', '36.5', '2020-02-27');
INSERT INTO `teacher_info` VALUES ('41', 'N', 'N', '36.6', '2020-02-28');
INSERT INTO `teacher_info` VALUES ('41', 'N', 'N', '36.8', '2020-02-29');
INSERT INTO `teacher_info` VALUES ('41', 'N', 'N', '36.2', '2020-03-01');
INSERT INTO `teacher_info` VALUES ('41', 'N', 'N', '36.2', '2020-03-02');
INSERT INTO `teacher_info` VALUES ('41', 'N', 'N', '36.2', '2020-03-03');
INSERT INTO `teacher_info` VALUES ('41', 'N', 'N', '37.0', '2020-03-04');
INSERT INTO `teacher_info` VALUES ('41', 'N', 'N', '36.6', '2020-03-05');
INSERT INTO `teacher_info` VALUES ('41', 'N', 'N', '36.2', '2020-03-06');
INSERT INTO `teacher_info` VALUES ('41', 'N', 'N', '36.6', '2020-03-07');
INSERT INTO `teacher_info` VALUES ('41', 'N', 'N', '36.9', '2020-03-08');
INSERT INTO `teacher_info` VALUES ('41', 'N', 'N', '36.9', '2020-03-09');
INSERT INTO `teacher_info` VALUES ('41', 'N', 'N', '36.1', '2020-03-10');
INSERT INTO `teacher_info` VALUES ('41', 'N', 'N', '36.2', '2020-03-11');
INSERT INTO `teacher_info` VALUES ('41', 'N', 'N', '36.1', '2020-03-12');
INSERT INTO `teacher_info` VALUES ('41', 'N', 'N', '36.4', '2020-03-13');
INSERT INTO `teacher_info` VALUES ('42', 'N', 'N', '36.8', '2020-02-19');
INSERT INTO `teacher_info` VALUES ('42', 'N', 'N', '36.5', '2020-02-20');
INSERT INTO `teacher_info` VALUES ('42', 'N', 'N', '36.1', '2020-02-21');
INSERT INTO `teacher_info` VALUES ('42', 'N', 'N', '36.8', '2020-02-22');
INSERT INTO `teacher_info` VALUES ('42', 'N', 'N', '36.6', '2020-02-23');
INSERT INTO `teacher_info` VALUES ('42', 'N', 'N', '36.3', '2020-02-24');
INSERT INTO `teacher_info` VALUES ('42', 'N', 'N', '36.1', '2020-02-25');
INSERT INTO `teacher_info` VALUES ('42', 'N', 'N', '36.9', '2020-02-26');
INSERT INTO `teacher_info` VALUES ('42', 'N', 'N', '36.6', '2020-02-27');
INSERT INTO `teacher_info` VALUES ('42', 'N', 'N', '36.6', '2020-02-28');
INSERT INTO `teacher_info` VALUES ('42', 'N', 'N', '36.7', '2020-02-29');
INSERT INTO `teacher_info` VALUES ('42', 'N', 'N', '36.4', '2020-03-01');
INSERT INTO `teacher_info` VALUES ('42', 'N', 'N', '36.1', '2020-03-02');
INSERT INTO `teacher_info` VALUES ('42', 'N', 'N', '36.7', '2020-03-03');
INSERT INTO `teacher_info` VALUES ('42', 'N', 'N', '36.5', '2020-03-04');
INSERT INTO `teacher_info` VALUES ('42', 'N', 'N', '36.1', '2020-03-05');
INSERT INTO `teacher_info` VALUES ('42', 'N', 'N', '37.0', '2020-03-06');
INSERT INTO `teacher_info` VALUES ('42', 'N', 'N', '36.9', '2020-03-07');
INSERT INTO `teacher_info` VALUES ('42', 'N', 'N', '36.5', '2020-03-08');
INSERT INTO `teacher_info` VALUES ('42', 'N', 'N', '36.6', '2020-03-09');
INSERT INTO `teacher_info` VALUES ('42', 'N', 'N', '36.9', '2020-03-10');
INSERT INTO `teacher_info` VALUES ('42', 'N', 'N', '36.6', '2020-03-11');
INSERT INTO `teacher_info` VALUES ('42', 'N', 'N', '36.5', '2020-03-12');
INSERT INTO `teacher_info` VALUES ('42', 'N', 'N', '36.5', '2020-03-13');
INSERT INTO `teacher_info` VALUES ('43', 'N', 'N', '36.3', '2020-02-19');
INSERT INTO `teacher_info` VALUES ('43', 'N', 'N', '36.1', '2020-02-20');
INSERT INTO `teacher_info` VALUES ('43', 'N', 'N', '36.4', '2020-02-21');
INSERT INTO `teacher_info` VALUES ('43', 'N', 'N', '36.7', '2020-02-22');
INSERT INTO `teacher_info` VALUES ('43', 'N', 'N', '37.0', '2020-02-23');
INSERT INTO `teacher_info` VALUES ('43', 'N', 'N', '36.0', '2020-02-24');
INSERT INTO `teacher_info` VALUES ('43', 'N', 'N', '36.1', '2020-02-25');
INSERT INTO `teacher_info` VALUES ('43', 'N', 'N', '36.9', '2020-02-26');
INSERT INTO `teacher_info` VALUES ('43', 'N', 'N', '36.1', '2020-02-27');
INSERT INTO `teacher_info` VALUES ('43', 'N', 'N', '36.1', '2020-02-28');
INSERT INTO `teacher_info` VALUES ('43', 'N', 'N', '36.4', '2020-02-29');
INSERT INTO `teacher_info` VALUES ('43', 'N', 'N', '36.5', '2020-03-01');
INSERT INTO `teacher_info` VALUES ('43', 'N', 'N', '36.0', '2020-03-02');
INSERT INTO `teacher_info` VALUES ('43', 'N', 'N', '36.1', '2020-03-03');
INSERT INTO `teacher_info` VALUES ('43', 'N', 'N', '36.2', '2020-03-04');
INSERT INTO `teacher_info` VALUES ('43', 'N', 'N', '36.2', '2020-03-05');
INSERT INTO `teacher_info` VALUES ('43', 'N', 'N', '36.4', '2020-03-06');
INSERT INTO `teacher_info` VALUES ('43', 'N', 'N', '36.7', '2020-03-07');
INSERT INTO `teacher_info` VALUES ('43', 'N', 'N', '37.0', '2020-03-08');
INSERT INTO `teacher_info` VALUES ('43', 'N', 'N', '36.4', '2020-03-09');
INSERT INTO `teacher_info` VALUES ('43', 'N', 'N', '36.1', '2020-03-10');
INSERT INTO `teacher_info` VALUES ('43', 'N', 'N', '36.4', '2020-03-11');
INSERT INTO `teacher_info` VALUES ('43', 'N', 'N', '36.0', '2020-03-12');
INSERT INTO `teacher_info` VALUES ('43', 'N', 'N', '36.2', '2020-03-13');
INSERT INTO `teacher_info` VALUES ('44', 'N', 'N', '36.8', '2020-02-19');
INSERT INTO `teacher_info` VALUES ('44', 'N', 'N', '36.4', '2020-02-20');
INSERT INTO `teacher_info` VALUES ('44', 'N', 'N', '36.0', '2020-02-21');
INSERT INTO `teacher_info` VALUES ('44', 'N', 'N', '36.6', '2020-02-22');
INSERT INTO `teacher_info` VALUES ('44', 'N', 'N', '36.6', '2020-02-23');
INSERT INTO `teacher_info` VALUES ('44', 'N', 'N', '37.0', '2020-02-24');
INSERT INTO `teacher_info` VALUES ('44', 'N', 'N', '36.1', '2020-02-25');
INSERT INTO `teacher_info` VALUES ('44', 'N', 'N', '36.1', '2020-02-26');
INSERT INTO `teacher_info` VALUES ('44', 'N', 'N', '36.6', '2020-02-27');
INSERT INTO `teacher_info` VALUES ('44', 'N', 'N', '36.1', '2020-02-28');
INSERT INTO `teacher_info` VALUES ('44', 'N', 'N', '36.8', '2020-02-29');
INSERT INTO `teacher_info` VALUES ('44', 'N', 'N', '36.4', '2020-03-01');
INSERT INTO `teacher_info` VALUES ('44', 'N', 'N', '36.8', '2020-03-02');
INSERT INTO `teacher_info` VALUES ('44', 'N', 'N', '36.9', '2020-03-03');
INSERT INTO `teacher_info` VALUES ('44', 'N', 'N', '36.5', '2020-03-04');
INSERT INTO `teacher_info` VALUES ('44', 'N', 'N', '36.4', '2020-03-05');
INSERT INTO `teacher_info` VALUES ('44', 'N', 'N', '36.9', '2020-03-06');
INSERT INTO `teacher_info` VALUES ('44', 'N', 'N', '36.6', '2020-03-07');
INSERT INTO `teacher_info` VALUES ('44', 'N', 'N', '36.8', '2020-03-08');
INSERT INTO `teacher_info` VALUES ('44', 'N', 'N', '36.4', '2020-03-09');
INSERT INTO `teacher_info` VALUES ('44', 'N', 'N', '36.9', '2020-03-10');
INSERT INTO `teacher_info` VALUES ('44', 'N', 'N', '36.4', '2020-03-11');
INSERT INTO `teacher_info` VALUES ('44', 'N', 'N', '36.4', '2020-03-12');
INSERT INTO `teacher_info` VALUES ('44', 'N', 'N', '36.6', '2020-03-13');
INSERT INTO `teacher_info` VALUES ('45', 'N', 'N', '36.5', '2020-02-19');
INSERT INTO `teacher_info` VALUES ('45', 'N', 'N', '36.8', '2020-02-20');
INSERT INTO `teacher_info` VALUES ('45', 'N', 'N', '36.3', '2020-02-21');
INSERT INTO `teacher_info` VALUES ('45', 'N', 'N', '36.2', '2020-02-22');
INSERT INTO `teacher_info` VALUES ('45', 'N', 'N', '36.7', '2020-02-23');
INSERT INTO `teacher_info` VALUES ('45', 'N', 'N', '36.2', '2020-02-24');
INSERT INTO `teacher_info` VALUES ('45', 'N', 'N', '37.0', '2020-02-25');
INSERT INTO `teacher_info` VALUES ('45', 'N', 'N', '36.4', '2020-02-26');
INSERT INTO `teacher_info` VALUES ('45', 'N', 'N', '36.4', '2020-02-27');
INSERT INTO `teacher_info` VALUES ('45', 'N', 'N', '36.9', '2020-02-28');
INSERT INTO `teacher_info` VALUES ('45', 'N', 'N', '36.2', '2020-02-29');
INSERT INTO `teacher_info` VALUES ('45', 'N', 'N', '36.7', '2020-03-01');
INSERT INTO `teacher_info` VALUES ('45', 'N', 'N', '36.3', '2020-03-02');
INSERT INTO `teacher_info` VALUES ('45', 'N', 'N', '36.8', '2020-03-03');
INSERT INTO `teacher_info` VALUES ('45', 'N', 'N', '37.0', '2020-03-04');
INSERT INTO `teacher_info` VALUES ('45', 'N', 'N', '37.0', '2020-03-05');
INSERT INTO `teacher_info` VALUES ('45', 'N', 'N', '36.3', '2020-03-06');
INSERT INTO `teacher_info` VALUES ('45', 'N', 'N', '36.0', '2020-03-07');
INSERT INTO `teacher_info` VALUES ('45', 'N', 'N', '36.2', '2020-03-08');
INSERT INTO `teacher_info` VALUES ('45', 'N', 'N', '36.9', '2020-03-09');
INSERT INTO `teacher_info` VALUES ('45', 'N', 'N', '36.4', '2020-03-10');
INSERT INTO `teacher_info` VALUES ('45', 'N', 'N', '36.7', '2020-03-11');
INSERT INTO `teacher_info` VALUES ('45', 'N', 'N', '36.4', '2020-03-12');
INSERT INTO `teacher_info` VALUES ('45', 'N', 'N', '36.8', '2020-03-13');
INSERT INTO `teacher_info` VALUES ('46', 'N', 'N', '36.0', '2020-02-19');
INSERT INTO `teacher_info` VALUES ('46', 'N', 'N', '36.2', '2020-02-20');
INSERT INTO `teacher_info` VALUES ('46', 'N', 'N', '36.9', '2020-02-21');
INSERT INTO `teacher_info` VALUES ('46', 'N', 'N', '36.0', '2020-02-22');
INSERT INTO `teacher_info` VALUES ('46', 'N', 'N', '36.3', '2020-02-23');
INSERT INTO `teacher_info` VALUES ('46', 'N', 'N', '36.3', '2020-02-24');
INSERT INTO `teacher_info` VALUES ('46', 'N', 'N', '36.2', '2020-02-25');
INSERT INTO `teacher_info` VALUES ('46', 'N', 'N', '37.0', '2020-02-26');
INSERT INTO `teacher_info` VALUES ('46', 'N', 'N', '36.0', '2020-02-27');
INSERT INTO `teacher_info` VALUES ('46', 'N', 'N', '36.8', '2020-02-28');
INSERT INTO `teacher_info` VALUES ('46', 'N', 'N', '36.4', '2020-02-29');
INSERT INTO `teacher_info` VALUES ('46', 'N', 'N', '36.1', '2020-03-01');
INSERT INTO `teacher_info` VALUES ('46', 'N', 'N', '36.9', '2020-03-02');
INSERT INTO `teacher_info` VALUES ('46', 'N', 'N', '36.5', '2020-03-03');
INSERT INTO `teacher_info` VALUES ('46', 'N', 'N', '36.3', '2020-03-04');
INSERT INTO `teacher_info` VALUES ('46', 'N', 'N', '36.4', '2020-03-05');
INSERT INTO `teacher_info` VALUES ('46', 'N', 'N', '36.9', '2020-03-06');
INSERT INTO `teacher_info` VALUES ('46', 'N', 'N', '36.7', '2020-03-07');
INSERT INTO `teacher_info` VALUES ('46', 'N', 'N', '36.8', '2020-03-08');
INSERT INTO `teacher_info` VALUES ('46', 'N', 'N', '36.4', '2020-03-09');
INSERT INTO `teacher_info` VALUES ('46', 'N', 'N', '36.4', '2020-03-10');
INSERT INTO `teacher_info` VALUES ('46', 'N', 'N', '36.4', '2020-03-11');
INSERT INTO `teacher_info` VALUES ('46', 'N', 'N', '36.5', '2020-03-12');
INSERT INTO `teacher_info` VALUES ('46', 'N', 'N', '36.4', '2020-03-13');
INSERT INTO `teacher_info` VALUES ('46', 'N', 'N', '36.4', '2020-03-14');
INSERT INTO `teacher_info` VALUES ('46', 'N', 'N', '37.0', '2020-03-15');
INSERT INTO `teacher_info` VALUES ('47', 'N', 'N', '36.9', '2020-02-19');
INSERT INTO `teacher_info` VALUES ('47', 'N', 'N', '36.8', '2020-02-20');
INSERT INTO `teacher_info` VALUES ('47', 'N', 'N', '36.2', '2020-02-21');
INSERT INTO `teacher_info` VALUES ('47', 'N', 'N', '36.0', '2020-02-22');
INSERT INTO `teacher_info` VALUES ('47', 'N', 'N', '36.8', '2020-02-23');
INSERT INTO `teacher_info` VALUES ('47', 'N', 'N', '36.5', '2020-02-24');
INSERT INTO `teacher_info` VALUES ('47', 'N', 'N', '36.5', '2020-02-25');
INSERT INTO `teacher_info` VALUES ('47', 'N', 'N', '36.0', '2020-02-26');
INSERT INTO `teacher_info` VALUES ('47', 'N', 'N', '36.8', '2020-02-27');
INSERT INTO `teacher_info` VALUES ('47', 'N', 'N', '36.1', '2020-02-28');
INSERT INTO `teacher_info` VALUES ('47', 'N', 'N', '36.5', '2020-02-29');
INSERT INTO `teacher_info` VALUES ('47', 'N', 'N', '36.4', '2020-03-01');
INSERT INTO `teacher_info` VALUES ('47', 'N', 'N', '36.2', '2020-03-02');
INSERT INTO `teacher_info` VALUES ('47', 'N', 'N', '36.2', '2020-03-03');
INSERT INTO `teacher_info` VALUES ('47', 'N', 'N', '36.5', '2020-03-04');
INSERT INTO `teacher_info` VALUES ('47', 'N', 'N', '36.2', '2020-03-05');
INSERT INTO `teacher_info` VALUES ('47', 'N', 'N', '36.6', '2020-03-06');
INSERT INTO `teacher_info` VALUES ('47', 'N', 'N', '36.8', '2020-03-07');
INSERT INTO `teacher_info` VALUES ('47', 'N', 'N', '36.1', '2020-03-08');
INSERT INTO `teacher_info` VALUES ('47', 'N', 'N', '36.0', '2020-03-09');
INSERT INTO `teacher_info` VALUES ('47', 'N', 'N', '36.8', '2020-03-10');
INSERT INTO `teacher_info` VALUES ('47', 'N', 'N', '36.3', '2020-03-11');
INSERT INTO `teacher_info` VALUES ('47', 'N', 'N', '36.5', '2020-03-12');
INSERT INTO `teacher_info` VALUES ('47', 'N', 'N', '36.8', '2020-03-13');
INSERT INTO `teacher_info` VALUES ('48', 'N', 'N', '36.5', '2020-02-19');
INSERT INTO `teacher_info` VALUES ('48', 'N', 'N', '36.4', '2020-02-20');
INSERT INTO `teacher_info` VALUES ('48', 'Y', 'Y', '37.9', '2020-02-21');
INSERT INTO `teacher_info` VALUES ('48', 'Y', 'Y', '38.0', '2020-02-22');
INSERT INTO `teacher_info` VALUES ('48', 'Y', 'Y', '37.5', '2020-02-23');
INSERT INTO `teacher_info` VALUES ('48', 'Y', 'Y', '36.4', '2020-02-24');
INSERT INTO `teacher_info` VALUES ('48', 'Y', 'Y', '36.4', '2020-02-25');
INSERT INTO `teacher_info` VALUES ('48', 'Y', 'Y', '37.0', '2020-02-26');
INSERT INTO `teacher_info` VALUES ('48', 'N', 'N', '36.3', '2020-02-27');
INSERT INTO `teacher_info` VALUES ('48', 'N', 'N', '36.0', '2020-02-28');
INSERT INTO `teacher_info` VALUES ('48', 'N', 'N', '36.7', '2020-02-29');
INSERT INTO `teacher_info` VALUES ('48', 'N', 'N', '36.7', '2020-03-01');
INSERT INTO `teacher_info` VALUES ('48', 'N', 'N', '36.6', '2020-03-02');
INSERT INTO `teacher_info` VALUES ('48', 'N', 'N', '36.8', '2020-03-03');
INSERT INTO `teacher_info` VALUES ('48', 'N', 'N', '36.4', '2020-03-04');
INSERT INTO `teacher_info` VALUES ('48', 'N', 'N', '36.6', '2020-03-05');
INSERT INTO `teacher_info` VALUES ('48', 'N', 'N', '36.5', '2020-03-06');
INSERT INTO `teacher_info` VALUES ('48', 'N', 'N', '36.6', '2020-03-07');
INSERT INTO `teacher_info` VALUES ('48', 'N', 'N', '36.6', '2020-03-08');
INSERT INTO `teacher_info` VALUES ('48', 'N', 'N', '36.0', '2020-03-09');
INSERT INTO `teacher_info` VALUES ('48', 'N', 'N', '36.4', '2020-03-10');
INSERT INTO `teacher_info` VALUES ('48', 'N', 'N', '36.2', '2020-03-11');
INSERT INTO `teacher_info` VALUES ('48', 'N', 'N', '36.0', '2020-03-12');
INSERT INTO `teacher_info` VALUES ('48', 'N', 'N', '36.8', '2020-03-13');
INSERT INTO `teacher_info` VALUES ('49', 'N', 'N', '36.3', '2020-02-19');
INSERT INTO `teacher_info` VALUES ('49', 'N', 'N', '36.7', '2020-02-20');
INSERT INTO `teacher_info` VALUES ('49', 'N', 'N', '36.5', '2020-02-21');
INSERT INTO `teacher_info` VALUES ('49', 'N', 'N', '36.6', '2020-02-22');
INSERT INTO `teacher_info` VALUES ('49', 'N', 'N', '36.6', '2020-02-23');
INSERT INTO `teacher_info` VALUES ('49', 'N', 'N', '36.3', '2020-02-24');
INSERT INTO `teacher_info` VALUES ('49', 'N', 'N', '36.7', '2020-02-25');
INSERT INTO `teacher_info` VALUES ('49', 'N', 'N', '36.1', '2020-02-26');
INSERT INTO `teacher_info` VALUES ('49', 'N', 'N', '36.0', '2020-02-27');
INSERT INTO `teacher_info` VALUES ('49', 'N', 'N', '36.1', '2020-02-28');
INSERT INTO `teacher_info` VALUES ('49', 'N', 'N', '36.8', '2020-02-29');
INSERT INTO `teacher_info` VALUES ('49', 'N', 'N', '36.1', '2020-03-01');
INSERT INTO `teacher_info` VALUES ('49', 'N', 'N', '36.5', '2020-03-02');
INSERT INTO `teacher_info` VALUES ('49', 'N', 'N', '36.6', '2020-03-03');
INSERT INTO `teacher_info` VALUES ('49', 'N', 'N', '37.0', '2020-03-04');
INSERT INTO `teacher_info` VALUES ('49', 'N', 'N', '36.1', '2020-03-05');
INSERT INTO `teacher_info` VALUES ('49', 'N', 'N', '36.6', '2020-03-06');
INSERT INTO `teacher_info` VALUES ('49', 'N', 'N', '36.1', '2020-03-07');
INSERT INTO `teacher_info` VALUES ('49', 'N', 'N', '36.1', '2020-03-08');
INSERT INTO `teacher_info` VALUES ('49', 'N', 'N', '36.1', '2020-03-09');
INSERT INTO `teacher_info` VALUES ('49', 'N', 'N', '36.8', '2020-03-10');
INSERT INTO `teacher_info` VALUES ('49', 'N', 'N', '36.9', '2020-03-11');
INSERT INTO `teacher_info` VALUES ('49', 'N', 'N', '36.9', '2020-03-12');
INSERT INTO `teacher_info` VALUES ('49', 'N', 'N', '36.7', '2020-03-13');
INSERT INTO `teacher_info` VALUES ('50', 'N', 'N', '36.7', '2020-02-19');
INSERT INTO `teacher_info` VALUES ('50', 'N', 'N', '36.4', '2020-02-20');
INSERT INTO `teacher_info` VALUES ('50', 'N', 'N', '36.6', '2020-02-21');
INSERT INTO `teacher_info` VALUES ('50', 'N', 'N', '36.0', '2020-02-22');
INSERT INTO `teacher_info` VALUES ('50', 'N', 'N', '37.0', '2020-02-23');
INSERT INTO `teacher_info` VALUES ('50', 'N', 'N', '36.8', '2020-02-24');
INSERT INTO `teacher_info` VALUES ('50', 'N', 'N', '36.2', '2020-02-25');
INSERT INTO `teacher_info` VALUES ('50', 'N', 'N', '36.1', '2020-02-26');
INSERT INTO `teacher_info` VALUES ('50', 'N', 'N', '36.3', '2020-02-27');
INSERT INTO `teacher_info` VALUES ('50', 'N', 'N', '36.8', '2020-02-28');
INSERT INTO `teacher_info` VALUES ('50', 'N', 'N', '36.5', '2020-02-29');
INSERT INTO `teacher_info` VALUES ('50', 'N', 'N', '36.7', '2020-03-01');
INSERT INTO `teacher_info` VALUES ('50', 'N', 'N', '36.4', '2020-03-02');
INSERT INTO `teacher_info` VALUES ('50', 'N', 'N', '36.1', '2020-03-03');
INSERT INTO `teacher_info` VALUES ('50', 'N', 'N', '36.0', '2020-03-04');
INSERT INTO `teacher_info` VALUES ('50', 'N', 'N', '37.0', '2020-03-05');
INSERT INTO `teacher_info` VALUES ('50', 'N', 'N', '36.5', '2020-03-06');
INSERT INTO `teacher_info` VALUES ('50', 'N', 'N', '36.2', '2020-03-07');
INSERT INTO `teacher_info` VALUES ('50', 'N', 'N', '36.0', '2020-03-08');
INSERT INTO `teacher_info` VALUES ('50', 'N', 'N', '36.4', '2020-03-09');
INSERT INTO `teacher_info` VALUES ('50', 'N', 'N', '36.4', '2020-03-10');
INSERT INTO `teacher_info` VALUES ('50', 'N', 'N', '36.4', '2020-03-11');
INSERT INTO `teacher_info` VALUES ('50', 'N', 'N', '37.0', '2020-03-12');
INSERT INTO `teacher_info` VALUES ('50', 'N', 'N', '36.5', '2020-03-13');
